ScanId,SiteUrl,LastItemUserModifiedDate,RootWebTemplate,SubWebTemplates,SubWebCount,SubWebDepth,ClassicLists,ModernLists,ClassicPages,ClassicWikiPages,ClassicASPXPages,ClassicBlogPages,ClassicWebPartPages,ClassicPublishingPages,ModernPages,ClassicWorkflows,ClassicInfoPathForms,ClassicExtensibilities,SharePointAddIns,AzureACSPrincipals,AggregatedRemediationCodes
f403c19c-0541-4b70-863d-f2a169b62980,https://bertonline.sharepoint.com/,03/11/2022 11:24:00,SITEPAGEPUBLISHING#0,,0,0,1,5,0,0,0,0,0,0,9,0,0,0,0,0,CL4
f403c19c-0541-4b70-863d-f2a169b62980,https://bertonline.sharepoint.com/search,01/29/2018 19:52:29,SRCHCEN#0,,0,0,7,5,8,0,0,0,0,8,0,0,0,0,0,0,"CL3,CL5,CL4,CP4"
f403c19c-0541-4b70-863d-f2a169b62980,https://bertonline.sharepoint.com/sites/130021,11/08/2021 11:22:14,STS#0,"BLOG#0,STS#0",5,2,8,21,17,16,0,1,0,0,6,0,0,1,0,0,"CE9,CL4,CP2,CS1,CP4"
f403c19c-0541-4b70-863d-f2a169b62980,https://bertonline.sharepoint.com/sites/130023,04/26/2017 11:06:28,STS#0,BLOG#0,1,1,8,8,9,8,0,1,0,0,11,0,0,1,0,0,"CE9,CL4,CP2,CS1,CP4"
f403c19c-0541-4b70-863d-f2a169b62980,https://bertonline.sharepoint.com/sites/130024,04/26/2017 11:06:32,STS#0,BLOG#0,1,1,8,8,9,8,0,1,0,0,0,0,0,1,0,0,"CE9,CL4,CP2,CS1,CP4"
f403c19c-0541-4b70-863d-f2a169b62980,https://bertonline.sharepoint.com/sites/130025,04/26/2017 11:06:35,STS#0,BLOG#0,1,1,8,9,10,9,0,1,0,0,0,0,0,1,0,0,"CE9,CL4,CP2,CS1,CP4"
f403c19c-0541-4b70-863d-f2a169b62980,https://bertonline.sharepoint.com/sites/130026,04/26/2017 11:06:38,STS#0,BLOG#0,1,1,8,8,9,8,0,1,0,0,0,0,0,1,0,0,"CE9,CL4,CP2,CS1,CP4"
f403c19c-0541-4b70-863d-f2a169b62980,https://bertonline.sharepoint.com/sites/130027,06/10/2020 19:58:24,STS#0,"BLOG#0,STS#0",7,3,8,26,21,20,0,1,0,0,6,0,0,1,0,0,"CE9,CL4,CP2,CS1,CP4"
f403c19c-0541-4b70-863d-f2a169b62980,https://bertonline.sharepoint.com/sites/130032,04/26/2017 11:06:49,STS#0,BLOG#0,1,1,8,7,12,11,0,1,0,0,0,0,0,0,0,0,"CL4,CP2,CS1,CP4"
f403c19c-0541-4b70-863d-f2a169b62980,https://bertonline.sharepoint.com/sites/130033,04/26/2017 11:06:52,STS#0,BLOG#0,1,1,8,7,12,11,0,1,0,0,0,0,0,2,0,0,"CE3,CE9,CL4,CP2,CS1,CP4"
f403c19c-0541-4b70-863d-f2a169b62980,https://bertonline.sharepoint.com/sites/130034,04/26/2017 11:06:56,STS#0,BLOG#0,1,1,8,8,11,10,0,1,0,0,0,0,0,0,0,0,"CL4,CP2,CS1,CP4"
f403c19c-0541-4b70-863d-f2a169b62980,https://bertonline.sharepoint.com/sites/130035,04/26/2017 11:06:59,STS#0,BLOG#0,1,1,8,8,12,11,0,1,0,0,0,0,0,1,0,0,"CE9,CL4,CP2,CS1,CP4"
f403c19c-0541-4b70-863d-f2a169b62980,https://bertonline.sharepoint.com/sites/130036,04/26/2017 11:07:04,STS#0,BLOG#0,1,1,8,8,12,11,0,1,0,0,0,0,0,1,0,0,"CE9,CL4,CP2,CS1,CP4"
f403c19c-0541-4b70-863d-f2a169b62980,https://bertonline.sharepoint.com/sites/130037,01/05/2019 23:18:16,STS#0,BLOG#0,1,1,8,8,13,12,0,1,0,0,0,0,0,1,0,0,"CE9,CL4,CP2,CS1,CP4"
f403c19c-0541-4b70-863d-f2a169b62980,https://bertonline.sharepoint.com/sites/130038,04/26/2017 11:07:11,STS#0,BLOG#0,1,1,8,8,12,11,0,1,0,0,0,0,0,0,0,0,"CL4,CP2,CS1,CP4"
f403c19c-0541-4b70-863d-f2a169b62980,https://bertonline.sharepoint.com/sites/130039,05/31/2019 07:44:53,STS#0,BLOG#0,1,1,8,9,12,11,0,1,0,0,0,0,0,1,0,0,"CE9,CL4,CP2,CS1,CP4"
f403c19c-0541-4b70-863d-f2a169b62980,https://bertonline.sharepoint.com/sites/130041,04/26/2017 11:07:18,STS#0,BLOG#0,1,1,8,8,12,11,0,1,0,0,0,0,0,0,0,0,"CL4,CP2,CS1,CP4"
f403c19c-0541-4b70-863d-f2a169b62980,https://bertonline.sharepoint.com/sites/130042,04/26/2017 11:07:21,STS#0,BLOG#0,1,1,8,8,12,11,0,1,0,0,0,0,0,1,0,0,"CE9,CL4,CP2,CS1,CP4"
f403c19c-0541-4b70-863d-f2a169b62980,https://bertonline.sharepoint.com/sites/130043,04/26/2017 11:07:25,STS#0,BLOG#0,1,1,8,8,12,11,0,1,0,0,0,0,0,1,0,0,"CE9,CL4,CP2,CS1,CP4"
f403c19c-0541-4b70-863d-f2a169b62980,https://bertonline.sharepoint.com/sites/130044,04/26/2017 11:07:29,STS#0,BLOG#0,1,1,8,8,12,11,0,1,0,0,0,0,0,1,0,0,"CE9,CL4,CP2,CS1,CP4"
f403c19c-0541-4b70-863d-f2a169b62980,https://bertonline.sharepoint.com/sites/130045,04/26/2017 11:07:33,STS#0,BLOG#0,1,1,8,8,12,11,0,1,0,0,0,0,0,0,0,0,"CL4,CP2,CS1,CP4"
f403c19c-0541-4b70-863d-f2a169b62980,https://bertonline.sharepoint.com/sites/130046,04/26/2017 11:07:41,STS#0,BLOG#0,1,1,8,8,14,13,0,1,0,0,0,0,0,1,0,0,"CE9,CL4,CP2,CS1,CP4"
f403c19c-0541-4b70-863d-f2a169b62980,https://bertonline.sharepoint.com/sites/130047,04/26/2017 11:07:44,STS#0,BLOG#0,1,1,8,8,12,11,0,1,0,0,0,0,0,1,0,0,"CE9,CL4,CP2,CS1,CP4"
f403c19c-0541-4b70-863d-f2a169b62980,https://bertonline.sharepoint.com/sites/130048,04/26/2017 11:07:48,STS#0,BLOG#0,1,1,8,8,13,12,0,1,0,0,0,0,0,1,0,0,"CE9,CL4,CP2,CS1,CP4"
f403c19c-0541-4b70-863d-f2a169b62980,https://bertonline.sharepoint.com/sites/130049,04/26/2017 11:07:51,STS#0,BLOG#0,1,1,8,10,13,11,0,2,0,0,0,0,0,1,0,0,"CE9,CL4,CP2,CS1,CP4"
f403c19c-0541-4b70-863d-f2a169b62980,https://bertonline.sharepoint.com/sites/130050,09/23/2016 19:58:32,STS#0,BLOG#0,1,1,8,8,12,11,0,1,0,0,0,0,0,1,0,0,"CE9,CL4,CP2,CS1,CP4"
f403c19c-0541-4b70-863d-f2a169b62980,https://bertonline.sharepoint.com/sites/130051,04/26/2017 11:07:55,STS#0,BLOG#0,1,1,8,9,12,11,0,1,0,0,0,0,0,2,0,0,"CE9,CL4,CP2,CS1,CP4"
f403c19c-0541-4b70-863d-f2a169b62980,https://bertonline.sharepoint.com/sites/130052,08/21/2017 17:01:07,STS#0,BLOG#0,1,1,8,8,12,11,0,1,0,0,0,0,0,1,0,0,"CE9,CL4,CP2,CS1,CP4"
f403c19c-0541-4b70-863d-f2a169b62980,https://bertonline.sharepoint.com/sites/130053,08/21/2017 17:01:12,STS#0,BLOG#0,1,1,8,8,14,13,0,1,0,0,0,0,0,1,0,0,"CE9,CL4,CP2,CS1,CP4"
f403c19c-0541-4b70-863d-f2a169b62980,https://bertonline.sharepoint.com/sites/130054,08/21/2017 17:01:19,STS#0,BLOG#0,1,1,8,8,12,11,0,1,0,0,0,0,0,1,0,0,"CE9,CL4,CP2,CS1,CP4"
f403c19c-0541-4b70-863d-f2a169b62980,https://bertonline.sharepoint.com/sites/130055,08/21/2017 17:01:25,STS#0,BLOG#0,1,1,8,8,12,11,0,1,0,0,0,0,0,1,0,0,"CE9,CL4,CP2,CS1,CP4"
f403c19c-0541-4b70-863d-f2a169b62980,https://bertonline.sharepoint.com/sites/130056,08/21/2017 17:01:30,STS#0,BLOG#0,1,1,8,8,12,11,0,1,0,0,0,0,0,2,0,0,"CE9,CL4,CP2,CS1,CP4"
f403c19c-0541-4b70-863d-f2a169b62980,https://bertonline.sharepoint.com/sites/130057,08/21/2017 17:01:37,STS#0,BLOG#0,1,1,8,8,12,11,0,1,0,0,0,0,0,0,0,0,"CL4,CP2,CS1,CP4"
f403c19c-0541-4b70-863d-f2a169b62980,https://bertonline.sharepoint.com/sites/130058,08/21/2017 17:01:41,STS#0,BLOG#0,1,1,8,8,12,11,0,1,0,0,0,0,0,1,0,0,"CE9,CL4,CP2,CS1,CP4"
f403c19c-0541-4b70-863d-f2a169b62980,https://bertonline.sharepoint.com/sites/130059,08/21/2017 17:01:45,STS#0,BLOG#0,1,1,8,8,12,11,0,1,0,0,0,0,0,1,0,0,"CE9,CL4,CP2,CS1,CP4"
f403c19c-0541-4b70-863d-f2a169b62980,https://bertonline.sharepoint.com/sites/130060,08/21/2017 17:01:50,STS#0,BLOG#0,1,1,8,8,12,11,0,1,0,0,0,0,0,1,0,0,"CE9,CL4,CP2,CS1,CP4"
f403c19c-0541-4b70-863d-f2a169b62980,https://bertonline.sharepoint.com/sites/130061,08/21/2017 17:01:55,STS#0,BLOG#0,1,1,8,8,12,11,0,1,0,0,0,0,0,0,0,0,"CL4,CP2,CS1,CP4"
f403c19c-0541-4b70-863d-f2a169b62980,https://bertonline.sharepoint.com/sites/130062,08/21/2017 17:01:59,STS#0,BLOG#0,1,1,8,8,12,11,0,1,0,0,0,0,0,1,0,0,"CE9,CL4,CP2,CS1,CP4"
f403c19c-0541-4b70-863d-f2a169b62980,https://bertonline.sharepoint.com/sites/130063,08/21/2017 17:02:04,STS#0,BLOG#0,1,1,8,8,16,12,0,4,0,0,0,1,0,1,0,0,"CE9,CL4,CP2,WF1,CS1,CP4"
f403c19c-0541-4b70-863d-f2a169b62980,https://bertonline.sharepoint.com/sites/130064,08/21/2017 17:02:08,STS#0,BLOG#0,1,1,8,9,17,15,0,2,0,0,0,1,1,1,0,0,"CE9,CL4,CP2,IF2,WF1,CS1,CP4"
f403c19c-0541-4b70-863d-f2a169b62980,https://bertonline.sharepoint.com/sites/130065,08/21/2017 17:02:13,STS#0,BLOG#0,1,1,8,8,12,11,0,1,0,0,0,0,0,1,0,0,"CE9,CL4,CP2,CS1,CP4"
f403c19c-0541-4b70-863d-f2a169b62980,https://bertonline.sharepoint.com/sites/130066,08/21/2017 17:02:17,STS#0,BLOG#0,1,1,8,8,13,11,0,2,0,0,0,0,0,1,0,0,"CE9,CL4,CP2,CS1,CP4"
f403c19c-0541-4b70-863d-f2a169b62980,https://bertonline.sharepoint.com/sites/130067,08/21/2017 17:02:22,STS#0,BLOG#0,1,1,8,10,12,11,0,1,0,0,0,0,0,1,0,0,"CE9,CL4,CP2,CS1,CP4"
f403c19c-0541-4b70-863d-f2a169b62980,https://bertonline.sharepoint.com/sites/130068,08/21/2017 17:02:40,STS#0,BLOG#0,1,1,8,8,12,11,0,1,0,0,0,0,0,1,0,0,"CE9,CL4,CP2,CS1,CP4"
f403c19c-0541-4b70-863d-f2a169b62980,https://bertonline.sharepoint.com/sites/130069,08/21/2017 17:02:56,STS#0,BLOG#0,1,1,8,8,12,11,0,1,0,0,0,0,0,1,0,0,"CE9,CL4,CP2,CS1,CP4"
f403c19c-0541-4b70-863d-f2a169b62980,https://bertonline.sharepoint.com/sites/130070,08/21/2017 17:03:00,STS#0,BLOG#0,1,1,8,8,12,11,0,1,0,0,0,0,0,1,0,0,"CE9,CL4,CP2,CS1,CP4"
f403c19c-0541-4b70-863d-f2a169b62980,https://bertonline.sharepoint.com/sites/130071,08/21/2017 17:03:05,STS#0,BLOG#0,1,1,8,8,12,11,0,1,0,0,0,0,0,1,0,0,"CE9,CL4,CP2,CS1,CP4"
f403c19c-0541-4b70-863d-f2a169b62980,https://bertonline.sharepoint.com/sites/130072,08/21/2017 17:03:09,STS#0,BLOG#0,1,1,8,8,12,11,0,1,0,0,0,0,0,1,0,0,"CE9,CL4,CP2,CS1,CP4"
f403c19c-0541-4b70-863d-f2a169b62980,https://bertonline.sharepoint.com/sites/130073,08/21/2017 17:03:13,STS#0,BLOG#0,1,1,8,8,12,11,0,1,0,0,0,0,0,1,0,0,"CE9,CL4,CP2,CS1,CP4"
f403c19c-0541-4b70-863d-f2a169b62980,https://bertonline.sharepoint.com/sites/130074,08/21/2017 17:03:18,STS#0,BLOG#0,1,1,8,8,12,11,0,1,0,0,0,0,0,1,0,0,"CE9,CL4,CP2,CS1,CP4"
f403c19c-0541-4b70-863d-f2a169b62980,https://bertonline.sharepoint.com/sites/20140008,08/21/2017 17:03:27,STS#0,,0,0,4,7,3,3,0,0,0,0,0,0,0,0,0,0,"CL4,CP2"
f403c19c-0541-4b70-863d-f2a169b62980,https://bertonline.sharepoint.com/sites/20140009,08/21/2017 17:03:32,PROJECTSITE#0,,0,0,2,4,0,0,0,0,0,0,0,0,0,0,0,0,CL4
f403c19c-0541-4b70-863d-f2a169b62980,https://bertonline.sharepoint.com/sites/20140010,08/21/2017 17:03:39,STS#0,COMMUNITY#0,1,1,8,9,9,9,0,0,0,0,0,0,0,0,0,0,"CL4,CP2"
f403c19c-0541-4b70-863d-f2a169b62980,https://bertonline.sharepoint.com/sites/20140011,08/21/2017 17:03:46,STS#0,,0,0,4,7,3,3,0,0,0,0,0,0,0,0,0,0,"CL4,CP2"
f403c19c-0541-4b70-863d-f2a169b62980,https://bertonline.sharepoint.com/sites/20140012,08/21/2017 17:03:54,STS#0,,0,0,4,7,3,3,0,0,0,0,0,0,0,0,0,0,"CL4,CP2"
f403c19c-0541-4b70-863d-f2a169b62980,https://bertonline.sharepoint.com/sites/20140013,08/21/2017 17:04:02,STS#0,,0,0,4,7,3,3,0,0,0,0,0,0,0,0,0,0,"CL4,CP2"
f403c19c-0541-4b70-863d-f2a169b62980,https://bertonline.sharepoint.com/sites/20140014,08/21/2017 17:04:15,STS#0,,0,0,4,7,3,3,0,0,0,0,0,0,0,0,0,0,"CL4,CP2"
f403c19c-0541-4b70-863d-f2a169b62980,https://bertonline.sharepoint.com/sites/20140015,05/19/2018 09:03:50,STS#0,,0,0,4,7,3,3,0,0,0,0,0,0,0,0,0,0,"CL4,CP2"
f403c19c-0541-4b70-863d-f2a169b62980,https://bertonline.sharepoint.com/sites/20140016,05/19/2018 09:03:57,STS#0,,0,0,4,7,3,3,0,0,0,0,0,0,0,0,0,0,"CL4,CP2"
f403c19c-0541-4b70-863d-f2a169b62980,https://bertonline.sharepoint.com/sites/20140017,05/19/2018 09:04:03,STS#0,,0,0,4,7,3,3,0,0,0,0,0,0,0,0,0,0,"CL4,CP2"
f403c19c-0541-4b70-863d-f2a169b62980,https://bertonline.sharepoint.com/sites/20140018,05/19/2018 09:04:08,STS#0,,0,0,4,7,3,3,0,0,0,0,0,0,0,0,0,0,"CL4,CP2"
f403c19c-0541-4b70-863d-f2a169b62980,https://bertonline.sharepoint.com/sites/20140019,05/19/2018 09:04:13,STS#0,,0,0,4,7,3,3,0,0,0,0,0,0,0,0,0,0,"CL4,CP2"
f403c19c-0541-4b70-863d-f2a169b62980,https://bertonline.sharepoint.com/sites/20140020,05/19/2018 09:04:20,STS#0,,0,0,4,7,3,3,0,0,0,0,0,0,0,0,0,0,"CL4,CP2"
f403c19c-0541-4b70-863d-f2a169b62980,https://bertonline.sharepoint.com/sites/20140021,05/19/2018 09:04:25,STS#0,,0,0,4,7,3,3,0,0,0,0,0,0,0,0,0,0,"CL4,CP2"
f403c19c-0541-4b70-863d-f2a169b62980,https://bertonline.sharepoint.com/sites/20140026,05/19/2018 09:04:30,STS#0,,0,0,4,7,3,3,0,0,0,0,0,0,0,0,0,0,"CL4,CP2"
f403c19c-0541-4b70-863d-f2a169b62980,https://bertonline.sharepoint.com/sites/20140027,05/19/2018 09:04:35,STS#0,,0,0,4,7,3,3,0,0,0,0,0,0,0,0,0,0,"CL4,CP2"
f403c19c-0541-4b70-863d-f2a169b62980,https://bertonline.sharepoint.com/sites/20140028,05/19/2018 09:04:41,STS#0,,0,0,4,7,3,3,0,0,0,0,0,0,0,0,0,0,"CL4,CP2"
f403c19c-0541-4b70-863d-f2a169b62980,https://bertonline.sharepoint.com/sites/20140029,05/19/2018 09:04:47,STS#0,,0,0,4,7,3,3,0,0,0,0,0,0,0,0,0,0,"CL4,CP2"
f403c19c-0541-4b70-863d-f2a169b62980,https://bertonline.sharepoint.com/sites/20140031,05/19/2018 09:04:51,STS#0,,0,0,4,7,3,3,0,0,0,0,0,0,0,0,0,0,"CL4,CP2"
f403c19c-0541-4b70-863d-f2a169b62980,https://bertonline.sharepoint.com/sites/20140032,05/19/2018 09:04:56,STS#0,,0,0,4,7,3,3,0,0,0,0,0,0,0,0,0,0,"CL4,CP2"
f403c19c-0541-4b70-863d-f2a169b62980,https://bertonline.sharepoint.com/sites/20140033,05/19/2018 09:05:03,STS#0,,0,0,4,7,3,3,0,0,0,0,0,0,0,0,0,0,"CL4,CP2"
f403c19c-0541-4b70-863d-f2a169b62980,https://bertonline.sharepoint.com/sites/20140034,05/19/2018 09:05:15,STS#0,,0,0,4,7,3,3,0,0,0,0,0,0,0,0,0,0,"CL4,CP2"
f403c19c-0541-4b70-863d-f2a169b62980,https://bertonline.sharepoint.com/sites/20140035,05/19/2018 09:05:22,STS#0,,0,0,4,7,3,3,0,0,0,0,0,0,0,0,0,0,"CL4,CP2"
f403c19c-0541-4b70-863d-f2a169b62980,https://bertonline.sharepoint.com/sites/20140036,05/19/2018 09:06:19,STS#0,,0,0,4,7,3,3,0,0,0,0,0,0,0,0,0,0,"CL4,CP2"
f403c19c-0541-4b70-863d-f2a169b62980,https://bertonline.sharepoint.com/sites/20140037,05/19/2018 09:06:26,STS#0,,0,0,4,7,3,3,0,0,0,0,0,0,0,0,0,0,"CL4,CP2"
f403c19c-0541-4b70-863d-f2a169b62980,https://bertonline.sharepoint.com/sites/20140038,05/19/2018 09:06:31,STS#0,,0,0,4,7,3,3,0,0,0,0,0,0,0,0,0,0,"CL4,CP2"
f403c19c-0541-4b70-863d-f2a169b62980,https://bertonline.sharepoint.com/sites/20140039,05/19/2018 09:06:37,STS#0,,0,0,4,7,3,3,0,0,0,0,0,0,0,0,0,0,"CL4,CP2"
f403c19c-0541-4b70-863d-f2a169b62980,https://bertonline.sharepoint.com/sites/20140040,05/19/2018 09:06:42,STS#0,,0,0,4,7,3,3,0,0,0,0,0,0,0,0,0,0,"CL4,CP2"
f403c19c-0541-4b70-863d-f2a169b62980,https://bertonline.sharepoint.com/sites/20140043,05/19/2018 09:07:00,STS#0,,0,0,4,7,3,3,0,0,0,0,0,0,0,0,0,0,"CL4,CP2"
f403c19c-0541-4b70-863d-f2a169b62980,https://bertonline.sharepoint.com/sites/20140044,05/19/2018 09:07:05,STS#0,,0,0,4,7,3,3,0,0,0,0,0,0,0,0,0,0,"CL4,CP2"
f403c19c-0541-4b70-863d-f2a169b62980,https://bertonline.sharepoint.com/sites/20140045,05/19/2018 09:07:11,STS#0,,0,0,4,7,3,3,0,0,0,0,0,0,0,0,0,0,"CL4,CP2"
f403c19c-0541-4b70-863d-f2a169b62980,https://bertonline.sharepoint.com/sites/20140046,05/19/2018 09:07:15,STS#0,,0,0,4,7,3,3,0,0,0,0,0,0,0,0,0,0,"CL4,CP2"
f403c19c-0541-4b70-863d-f2a169b62980,https://bertonline.sharepoint.com/sites/20140047,05/19/2018 09:07:20,STS#0,,0,0,4,8,3,3,0,0,0,0,0,0,0,0,0,0,"CL4,CP2"
f403c19c-0541-4b70-863d-f2a169b62980,https://bertonline.sharepoint.com/sites/20140048,05/19/2018 09:07:26,STS#0,,0,0,4,7,3,3,0,0,0,0,0,0,0,0,0,0,"CL4,CP2"
f403c19c-0541-4b70-863d-f2a169b62980,https://bertonline.sharepoint.com/sites/20140049,05/19/2018 09:07:32,STS#0,,0,0,4,7,3,3,0,0,0,0,0,0,0,0,0,0,"CL4,CP2"
f403c19c-0541-4b70-863d-f2a169b62980,https://bertonline.sharepoint.com/sites/20140050,10/27/2017 05:20:53,STS#0,,0,0,4,7,3,3,0,0,0,0,0,0,0,0,0,0,"CL4,CP2"
f403c19c-0541-4b70-863d-f2a169b62980,https://bertonline.sharepoint.com/sites/20140052,10/27/2017 05:21:01,STS#0,,0,0,4,7,3,3,0,0,0,0,0,0,0,0,0,0,"CL4,CP2"
f403c19c-0541-4b70-863d-f2a169b62980,https://bertonline.sharepoint.com/sites/20140053,10/27/2017 05:21:07,STS#0,,0,0,4,7,3,3,0,0,0,0,0,0,0,0,0,0,"CL4,CP2"
f403c19c-0541-4b70-863d-f2a169b62980,https://bertonline.sharepoint.com/sites/20140055,10/27/2017 05:21:14,STS#0,,0,0,4,7,3,3,0,0,0,0,0,0,0,0,0,0,"CL4,CP2"
f403c19c-0541-4b70-863d-f2a169b62980,https://bertonline.sharepoint.com/sites/20140057,10/27/2017 05:21:22,STS#0,STS#0,1,1,4,10,5,5,0,0,0,0,0,0,0,0,0,0,"CL4,CP2"
f403c19c-0541-4b70-863d-f2a169b62980,https://bertonline.sharepoint.com/sites/20140059,10/27/2017 05:21:30,STS#0,,0,0,4,7,3,3,0,0,0,0,0,0,0,0,0,0,"CL4,CP2"
f403c19c-0541-4b70-863d-f2a169b62980,https://bertonline.sharepoint.com/sites/4f020b2a38344bc79fd431759272b48d,10/27/2017 05:21:36,STS#0,,0,0,0,5,2,2,0,0,0,0,0,0,0,0,0,0,CP2
f403c19c-0541-4b70-863d-f2a169b62980,https://bertonline.sharepoint.com/sites/9231c444-f813-4d6b-96ef-ca39e7f897b5,06/13/2018 17:43:04,GROUP#0,,0,0,0,4,0,0,0,0,0,0,1,0,0,0,0,0,
f403c19c-0541-4b70-863d-f2a169b62980,https://bertonline.sharepoint.com/sites/AdminContentCenter,10/18/2022 11:28:47,CONTENTCTR#0,,0,0,0,8,0,0,0,0,0,0,1,0,0,0,0,0,
f403c19c-0541-4b70-863d-f2a169b62980,https://bertonline.sharepoint.com/sites/BDO,02/01/2021 07:15:26,SITEPAGEPUBLISHING#0,,0,0,1,5,0,0,0,0,0,0,1,0,0,0,0,0,CL4
f403c19c-0541-4b70-863d-f2a169b62980,https://bertonline.sharepoint.com/sites/BelgiumClassics,06/06/2018 07:22:13,SITEPAGEPUBLISHING#0,,0,0,1,6,0,0,0,0,0,0,5,0,0,0,0,0,CL4
f403c19c-0541-4b70-863d-f2a169b62980,https://bertonline.sharepoint.com/sites/CCTemp,05/10/2021 18:32:26,CONTENTCTR#0,,0,0,0,8,0,0,0,0,0,0,1,0,0,0,0,0,
f403c19c-0541-4b70-863d-f2a169b62980,https://bertonline.sharepoint.com/sites/CDN,11/13/2017 10:05:11,GROUP#0,,0,0,0,6,0,0,0,0,0,0,1,0,0,0,0,0,
f403c19c-0541-4b70-863d-f2a169b62980,https://bertonline.sharepoint.com/sites/CEPrototype,05/11/2021 11:36:54,SITEPAGEPUBLISHING#0,,0,0,1,7,0,0,0,0,0,0,1,0,0,0,0,0,CL4
f403c19c-0541-4b70-863d-f2a169b62980,https://bertonline.sharepoint.com/sites/ClientSidePagesDevCommunicationSite,12/19/2018 07:18:42,SITEPAGEPUBLISHING#0,,0,0,1,5,0,0,0,0,0,0,4,0,0,0,0,0,CL4
f403c19c-0541-4b70-863d-f2a169b62980,https://bertonline.sharepoint.com/sites/ClientSidePagesDevTeamSite,01/25/2019 02:31:22,GROUP#0,,0,0,2,5,1,1,0,0,0,0,24,0,0,0,0,0,"CL1,CL4,CP2"
f403c19c-0541-4b70-863d-f2a169b62980,https://bertonline.sharepoint.com/sites/ContentCenter,06/20/2022 15:29:42,CONTENTCTR#0,,0,0,0,8,0,0,0,0,0,0,1,0,0,0,0,0,
f403c19c-0541-4b70-863d-f2a169b62980,https://bertonline.sharepoint.com/sites/ContractsManagement004,12/08/2021 10:52:47,CONTENTCTR#0,,0,0,0,13,0,0,0,0,0,0,9,0,0,0,0,0,
f403c19c-0541-4b70-863d-f2a169b62980,https://bertonline.sharepoint.com/sites/ContractsManagement0402,02/04/2022 09:13:45,CONTENTCTR#0,,0,0,0,14,0,0,0,0,0,0,9,0,0,0,0,0,
f403c19c-0541-4b70-863d-f2a169b62980,https://bertonline.sharepoint.com/sites/ContractsManagement1002,02/10/2022 09:07:36,CONTENTCTR#0,,0,0,0,13,0,0,0,0,0,0,9,0,0,0,0,0,
f403c19c-0541-4b70-863d-f2a169b62980,https://bertonline.sharepoint.com/sites/ContractsManagement1102,02/11/2022 14:19:00,CONTENTCTR#0,,0,0,0,14,0,0,0,0,0,0,9,0,0,0,0,0,
f403c19c-0541-4b70-863d-f2a169b62980,https://bertonline.sharepoint.com/sites/ContractsManagement1502,02/15/2022 13:22:50,CONTENTCTR#0,,0,0,0,14,0,0,0,0,0,0,9,0,0,0,0,0,
f403c19c-0541-4b70-863d-f2a169b62980,https://bertonline.sharepoint.com/sites/ContractsManagement2402,02/24/2022 08:37:33,CONTENTCTR#0,,0,0,0,14,0,0,0,0,0,0,9,0,0,0,0,0,
f403c19c-0541-4b70-863d-f2a169b62980,https://bertonline.sharepoint.com/sites/Cortex,06/04/2020 17:39:10,GROUP#0,,0,0,0,5,0,0,0,0,0,0,1,0,0,0,0,0,
f403c19c-0541-4b70-863d-f2a169b62980,https://bertonline.sharepoint.com/sites/Cycling01,05/28/2018 12:45:19,SITEPAGEPUBLISHING#0,,0,0,1,6,0,0,0,0,0,0,7,0,0,0,0,0,CL4
f403c19c-0541-4b70-863d-f2a169b62980,https://bertonline.sharepoint.com/sites/Deloitte,09/23/2016 19:59:50,BICENTERSITE#0,,0,0,7,5,0,0,0,0,0,0,0,0,0,0,0,0,"CL4,CL3,CL5"
f403c19c-0541-4b70-863d-f2a169b62980,https://bertonline.sharepoint.com/sites/DeltaTest2,10/05/2022 17:40:00,SITEPAGEPUBLISHING#0,,0,0,1,4,0,0,0,0,0,0,1,0,0,0,0,0,CL4
f403c19c-0541-4b70-863d-f2a169b62980,https://bertonline.sharepoint.com/sites/DemoAon,02/20/2018 10:29:54,GROUP#0,,0,0,0,5,0,0,0,0,0,0,1,0,0,0,0,0,
f403c19c-0541-4b70-863d-f2a169b62980,https://bertonline.sharepoint.com/sites/DemoContentCenter,05/11/2021 15:51:51,CONTENTCTR#0,,0,0,0,8,0,0,0,0,0,0,1,0,0,0,0,0,
f403c19c-0541-4b70-863d-f2a169b62980,https://bertonline.sharepoint.com/sites/DemoGroup1,11/18/2019 14:02:40,GROUP#0,,0,0,0,5,0,0,0,0,0,0,1,0,0,0,0,0,
f403c19c-0541-4b70-863d-f2a169b62980,https://bertonline.sharepoint.com/sites/DutchModern,01/21/2021 10:12:35,SITEPAGEPUBLISHING#0,,0,0,1,4,0,0,0,0,0,0,2,0,0,0,0,0,CL4
f403c19c-0541-4b70-863d-f2a169b62980,https://bertonline.sharepoint.com/sites/ECS2021,12/03/2021 07:42:45,SITEPAGEPUBLISHING#0,,0,0,1,6,0,0,0,0,0,0,1,0,0,0,0,0,CL4
f403c19c-0541-4b70-863d-f2a169b62980,https://bertonline.sharepoint.com/sites/ESPC2022-T9,11/28/2022 14:12:36,SITEPAGEPUBLISHING#0,,0,0,1,6,0,0,0,0,0,0,3,0,0,0,0,0,CL4
f403c19c-0541-4b70-863d-f2a169b62980,https://bertonline.sharepoint.com/sites/FODDemo,10/30/2017 08:32:07,STS#0,,0,0,1,6,2,2,0,0,0,0,0,0,0,0,0,0,"CL4,CP2"
f403c19c-0541-4b70-863d-f2a169b62980,https://bertonline.sharepoint.com/sites/German,04/30/2021 10:30:36,SITEPAGEPUBLISHING#0,,0,0,1,4,0,0,0,0,0,0,1,0,0,0,0,0,CL4
f403c19c-0541-4b70-863d-f2a169b62980,https://bertonline.sharepoint.com/sites/GroupTest1,01/22/2018 10:30:10,GROUP#0,,0,0,1,12,0,0,0,0,0,0,1,0,0,0,0,0,CL4
f403c19c-0541-4b70-863d-f2a169b62980,https://bertonline.sharepoint.com/sites/GroupTest2,01/22/2018 10:53:19,GROUP#0,,0,0,1,9,0,0,0,0,0,0,1,0,0,0,0,0,CL4
f403c19c-0541-4b70-863d-f2a169b62980,https://bertonline.sharepoint.com/sites/Hiro,01/31/2020 16:55:47,SITEPAGEPUBLISHING#0,,0,0,2,10,0,0,0,0,0,0,26,0,0,0,0,0,CL4
f403c19c-0541-4b70-863d-f2a169b62980,https://bertonline.sharepoint.com/sites/HybridWork2,02/23/2021 10:17:49,SITEPAGEPUBLISHING#0,,0,0,1,6,0,0,0,0,0,0,19,0,0,0,0,0,CL4
f403c19c-0541-4b70-863d-f2a169b62980,https://bertonline.sharepoint.com/sites/HybridWork3,02/23/2021 10:42:13,SITEPAGEPUBLISHING#0,,0,0,1,6,0,0,0,0,0,0,19,0,0,0,0,0,CL4
f403c19c-0541-4b70-863d-f2a169b62980,https://bertonline.sharepoint.com/sites/Hyland01,06/24/2022 06:11:38,GROUP#0,,0,0,0,6,0,0,0,0,0,0,1,0,0,0,0,0,
f403c19c-0541-4b70-863d-f2a169b62980,https://bertonline.sharepoint.com/sites/I am a site,10/30/2017 08:32:28,STS#0,,0,0,0,5,2,2,0,0,0,0,0,0,0,0,0,0,CP2
f403c19c-0541-4b70-863d-f2a169b62980,https://bertonline.sharepoint.com/sites/IsolatedWebPartTest,01/25/2019 02:34:18,SITEPAGEPUBLISHING#0,,0,0,1,4,0,0,0,0,0,0,2,0,0,0,0,0,CL4
f403c19c-0541-4b70-863d-f2a169b62980,https://bertonline.sharepoint.com/sites/KnowledgeCenter,04/14/2021 13:23:53,SITEPAGEPUBLISHING#0,,0,0,1,5,0,0,0,0,0,0,1,0,0,0,0,0,CL4
f403c19c-0541-4b70-863d-f2a169b62980,https://bertonline.sharepoint.com/sites/M365LP,08/18/2020 08:49:32,SITEPAGEPUBLISHING#0,,0,0,1,8,0,0,0,0,0,0,110,0,0,0,0,0,CL4
f403c19c-0541-4b70-863d-f2a169b62980,https://bertonline.sharepoint.com/sites/MUI1,03/30/2020 20:57:44,SITEPAGEPUBLISHING#0,,0,0,1,5,0,0,0,0,0,0,6,0,0,0,0,0,CL4
f403c19c-0541-4b70-863d-f2a169b62980,https://bertonline.sharepoint.com/sites/ModernNavTest,02/23/2018 18:32:20,GROUP#0,,0,0,0,5,0,0,0,0,0,0,1,0,0,0,0,0,
f403c19c-0541-4b70-863d-f2a169b62980,https://bertonline.sharepoint.com/sites/ModernizationCenter,04/01/2019 10:11:05,SITEPAGEPUBLISHING#0,,0,0,1,6,0,0,0,0,0,0,2,0,0,0,0,0,CL4
f403c19c-0541-4b70-863d-f2a169b62980,https://bertonline.sharepoint.com/sites/ModernizationTarget,09/14/2021 12:28:39,SITEPAGEPUBLISHING#0,STS#0,1,1,2,8,0,0,0,0,0,0,113,0,0,0,0,0,CL4
f403c19c-0541-4b70-863d-f2a169b62980,https://bertonline.sharepoint.com/sites/MyDay,02/28/2018 15:35:37,GROUP#0,,0,0,0,4,0,0,0,0,0,0,1,0,0,0,0,0,
f403c19c-0541-4b70-863d-f2a169b62980,https://bertonline.sharepoint.com/sites/NewEmployeeEngineeringOnboarding0809,09/08/2020 10:54:45,SITEPAGEPUBLISHING#0,,0,0,1,6,0,0,0,0,0,0,14,0,0,0,0,0,CL4
f403c19c-0541-4b70-863d-f2a169b62980,https://bertonline.sharepoint.com/sites/NewEmployeeOnboarding0809,09/08/2020 10:42:28,SITEPAGEPUBLISHING#0,,0,0,1,7,0,0,0,0,0,0,10,0,0,0,0,0,CL4
f403c19c-0541-4b70-863d-f2a169b62980,https://bertonline.sharepoint.com/sites/NewEmployeeOnboardingNew45451,02/23/2021 17:32:50,SITEPAGEPUBLISHING#0,,0,0,1,7,0,0,0,0,0,0,18,0,0,0,0,0,CL4
f403c19c-0541-4b70-863d-f2a169b62980,https://bertonline.sharepoint.com/sites/NewEmployeePreOnboarding0809,09/08/2020 10:46:12,SITEPAGEPUBLISHING#0,,0,0,1,5,0,0,0,0,0,0,8,0,0,0,0,0,CL4
f403c19c-0541-4b70-863d-f2a169b62980,https://bertonline.sharepoint.com/sites/NewEmployeeSalesOnboarding0809,09/08/2020 10:50:19,SITEPAGEPUBLISHING#0,,0,0,1,6,0,0,0,0,0,0,13,0,0,0,0,0,CL4
f403c19c-0541-4b70-863d-f2a169b62980,https://bertonline.sharepoint.com/sites/O365Seattle5,06/15/2020 11:21:40,GROUP#0,,0,0,0,6,0,0,0,0,0,0,1,0,0,0,0,0,
f403c19c-0541-4b70-863d-f2a169b62980,https://bertonline.sharepoint.com/sites/OfficeTrainingServices,02/28/2018 15:36:35,GROUP#0,,0,0,0,4,0,0,0,0,0,0,1,0,0,0,0,0,
f403c19c-0541-4b70-863d-f2a169b62980,https://bertonline.sharepoint.com/sites/PageLoadTest,11/10/2018 16:22:24,SITEPAGEPUBLISHING#0,,0,0,1,4,0,0,0,0,0,0,1,0,0,0,0,0,CL4
f403c19c-0541-4b70-863d-f2a169b62980,https://bertonline.sharepoint.com/sites/PageLoadTest2,01/11/2019 08:38:23,SITEPAGEPUBLISHING#0,,0,0,1,4,0,0,0,0,0,0,1,0,0,0,0,0,CL4
f403c19c-0541-4b70-863d-f2a169b62980,https://bertonline.sharepoint.com/sites/PageLoadTest3,01/11/2019 08:40:08,GROUP#0,,0,0,0,5,0,0,0,0,0,0,1,0,0,0,0,0,
f403c19c-0541-4b70-863d-f2a169b62980,https://bertonline.sharepoint.com/sites/Permissions01,11/02/2022 17:48:25,SITEPAGEPUBLISHING#0,STS#0,1,1,1,17,0,0,0,0,0,0,2,0,0,0,0,0,CL4
f403c19c-0541-4b70-863d-f2a169b62980,https://bertonline.sharepoint.com/sites/Permissions02,10/10/2022 08:43:05,GROUP#0,,0,0,0,5,0,0,0,0,0,0,1,0,0,0,0,0,
f403c19c-0541-4b70-863d-f2a169b62980,https://bertonline.sharepoint.com/sites/PnP-Partner-Pack-Infrastructure,03/21/2022 20:24:10,STS#0,,0,0,0,7,2,2,0,0,0,0,1,0,0,0,0,0,CP2
f403c19c-0541-4b70-863d-f2a169b62980,https://bertonline.sharepoint.com/sites/PnPDemo,06/25/2019 13:03:36,SITEPAGEPUBLISHING#0,,0,0,1,4,0,0,0,0,0,0,1,0,0,0,0,0,CL4
f403c19c-0541-4b70-863d-f2a169b62980,https://bertonline.sharepoint.com/sites/PnPPartnerPack2,10/30/2017 08:33:31,STS#0,,0,0,0,6,2,2,0,0,0,0,0,0,0,3,0,0,"CE9,CP2"
f403c19c-0541-4b70-863d-f2a169b62980,https://bertonline.sharepoint.com/sites/PnPPartnerPackTest,06/26/2017 14:16:10,STS#0,STS#0,1,1,2,9,4,4,0,0,0,0,0,0,0,4,0,0,"CE4,CE9,CP2,CL4"
f403c19c-0541-4b70-863d-f2a169b62980,https://bertonline.sharepoint.com/sites/ProvDemoApply,02/21/2022 21:25:16,STS#0,,0,0,0,6,2,2,0,0,0,0,1,0,0,0,0,0,CP2
f403c19c-0541-4b70-863d-f2a169b62980,https://bertonline.sharepoint.com/sites/ProvDemoGet,02/21/2022 21:25:29,STS#0,,0,0,0,6,3,3,0,0,0,0,2,0,0,3,0,0,"CE8,CE9,CP2"
f403c19c-0541-4b70-863d-f2a169b62980,https://bertonline.sharepoint.com/sites/ProvisioningTest,09/17/2019 18:16:53,SITEPAGEPUBLISHING#0,,0,0,1,5,0,0,0,0,0,0,13,0,0,0,0,0,CL4
f403c19c-0541-4b70-863d-f2a169b62980,https://bertonline.sharepoint.com/sites/SIGDemo1,01/25/2018 13:20:32,SITEPAGEPUBLISHING#0,,0,0,1,6,0,0,0,0,0,0,34,0,0,0,0,0,CL4
f403c19c-0541-4b70-863d-f2a169b62980,https://bertonline.sharepoint.com/sites/SPCCycling,05/20/2018 20:26:43,SITEPAGEPUBLISHING#0,,0,0,1,4,0,0,0,0,0,0,1,0,0,0,0,0,CL4
f403c19c-0541-4b70-863d-f2a169b62980,https://bertonline.sharepoint.com/sites/SPMT-teamsite1,10/11/2019 15:02:37,STS#3,,0,0,0,5,3,3,0,0,0,0,3,0,0,0,0,0,CP2
f403c19c-0541-4b70-863d-f2a169b62980,https://bertonline.sharepoint.com/sites/SampleEngineeringTeam2,12/23/2022 10:22:49,GROUP#0,,0,0,0,5,0,0,0,0,0,0,1,0,0,0,0,0,
f403c19c-0541-4b70-863d-f2a169b62980,https://bertonline.sharepoint.com/sites/SharePointSuccessSite,08/18/2020 12:16:49,SITEPAGEPUBLISHING#0,,0,0,1,5,0,0,0,0,0,0,10,0,0,0,0,0,CL4
f403c19c-0541-4b70-863d-f2a169b62980,https://bertonline.sharepoint.com/sites/Slack,12/15/2020 10:25:14,SITEPAGEPUBLISHING#0,,0,0,1,4,0,0,0,0,0,0,1,0,0,0,0,0,CL4
f403c19c-0541-4b70-863d-f2a169b62980,https://bertonline.sharepoint.com/sites/Spaces,04/16/2021 16:38:09,SITEPAGEPUBLISHING#0,,0,0,1,5,0,0,0,0,0,0,2,0,0,0,0,0,CL4
f403c19c-0541-4b70-863d-f2a169b62980,https://bertonline.sharepoint.com/sites/SyntexContentCenter001,12/08/2021 11:10:59,CONTENTCTR#0,,0,0,0,9,0,0,0,0,0,0,6,0,0,0,0,0,
f403c19c-0541-4b70-863d-f2a169b62980,https://bertonline.sharepoint.com/sites/SyntexContentCenter1002,02/10/2022 06:31:21,CONTENTCTR#0,,0,0,0,9,0,0,0,0,0,0,6,0,0,0,0,0,
f403c19c-0541-4b70-863d-f2a169b62980,https://bertonline.sharepoint.com/sites/SyntexContentCenter20121740,12/20/2021 16:45:47,CONTENTCTR#0,,0,0,0,9,0,0,0,0,0,0,6,0,0,0,0,0,
f403c19c-0541-4b70-863d-f2a169b62980,https://bertonline.sharepoint.com/sites/SyntexMay2021Demo,11/24/2022 09:36:17,GROUP#0,,0,0,0,7,0,0,0,0,0,0,1,0,0,0,0,0,
f403c19c-0541-4b70-863d-f2a169b62980,https://bertonline.sharepoint.com/sites/TAOS,10/08/2020 19:27:02,SITEPAGEPUBLISHING#0,,0,0,1,6,0,0,0,0,0,0,1,0,0,0,0,0,CL4
f403c19c-0541-4b70-863d-f2a169b62980,https://bertonline.sharepoint.com/sites/TR18,05/09/2017 08:02:30,STS#0,,0,0,0,6,2,2,0,0,0,0,0,0,0,0,0,0,CP2
f403c19c-0541-4b70-863d-f2a169b62980,https://bertonline.sharepoint.com/sites/Teamify2,06/15/2020 16:17:24,GROUP#0,,0,0,0,5,0,0,0,0,0,0,1,0,0,0,0,0,
f403c19c-0541-4b70-863d-f2a169b62980,https://bertonline.sharepoint.com/sites/TestOÃœ,09/27/2021 17:06:46,STS#0,,0,0,0,5,2,2,0,0,0,0,0,0,0,0,0,0,CP2
f403c19c-0541-4b70-863d-f2a169b62980,https://bertonline.sharepoint.com/sites/TheLanding1,11/21/2022 19:04:32,SITEPAGEPUBLISHING#0,STS#0,1,1,1,8,0,0,0,0,0,0,16,0,0,0,0,0,CL4
f403c19c-0541-4b70-863d-f2a169b62980,https://bertonline.sharepoint.com/sites/TopicCenter,11/03/2022 15:13:28,SITEPAGEPUBLISHING#0,,0,0,1,4,0,0,0,0,0,0,4,0,0,0,0,0,CL4
f403c19c-0541-4b70-863d-f2a169b62980,https://bertonline.sharepoint.com/sites/ValoremSTS,08/14/2017 07:50:45,STS#0,,0,0,1,13,2,2,0,0,0,0,0,0,0,0,0,0,"CL4,CP2"
f403c19c-0541-4b70-863d-f2a169b62980,https://bertonline.sharepoint.com/sites/accessdemo2,04/26/2017 11:42:35,STS#0,,0,0,0,5,2,2,0,0,0,0,0,0,0,0,0,0,CP2
f403c19c-0541-4b70-863d-f2a169b62980,https://bertonline.sharepoint.com/sites/apps,07/18/2022 12:10:52,APPCATALOG#0,,0,0,4,4,2,2,0,0,0,0,0,0,0,0,0,0,"CL4,CP2"
f403c19c-0541-4b70-863d-f2a169b62980,https://bertonline.sharepoint.com/sites/associatedgroupid,05/20/2019 14:51:09,STS#0,,0,0,0,5,2,2,0,0,0,0,0,0,0,0,0,0,CP2
f403c19c-0541-4b70-863d-f2a169b62980,https://bertonline.sharepoint.com/sites/bert1,09/30/2020 19:30:54,GROUP#0,STS#0,1,1,1,16,3,3,0,0,0,0,34,0,0,0,0,0,"CL3,CP2"
f403c19c-0541-4b70-863d-f2a169b62980,https://bertonline.sharepoint.com/sites/bert2,10/24/2018 07:00:35,GROUP#0,,0,0,0,5,1,1,0,0,0,0,1,0,0,0,0,0,CP2
f403c19c-0541-4b70-863d-f2a169b62980,https://bertonline.sharepoint.com/sites/blabla,10/02/2019 15:54:41,SITEPAGEPUBLISHING#0,,0,0,1,5,0,0,0,0,0,0,15,0,0,0,0,0,CL4
f403c19c-0541-4b70-863d-f2a169b62980,https://bertonline.sharepoint.com/sites/bug171,02/17/2021 11:07:38,SITEPAGEPUBLISHING#0,,0,0,1,4,0,0,0,0,0,0,1,0,0,0,0,0,CL4
f403c19c-0541-4b70-863d-f2a169b62980,https://bertonline.sharepoint.com/sites/bug275,10/20/2019 14:55:46,STS#0,,0,0,8,0,8,7,0,0,1,0,2,0,0,1,0,0,"CE4,CL1,CL2,CL3,CP2,CP1"
f403c19c-0541-4b70-863d-f2a169b62980,https://bertonline.sharepoint.com/sites/classicteamsite0,12/14/2021 12:39:17,STS#0,,0,0,0,5,2,2,0,0,0,0,2,0,0,0,0,0,CP2
f403c19c-0541-4b70-863d-f2a169b62980,https://bertonline.sharepoint.com/sites/classicteamsite1,11/18/2021 16:20:50,STS#0,,0,0,1,5,2,2,0,0,0,0,1,0,0,0,0,0,"CL4,CP2"
f403c19c-0541-4b70-863d-f2a169b62980,https://bertonline.sharepoint.com/sites/classicteamsite2,11/29/2022 10:51:47,STS#0,,0,0,1,5,2,2,0,0,0,0,1,0,0,0,0,0,"CL4,CP2"
f403c19c-0541-4b70-863d-f2a169b62980,https://bertonline.sharepoint.com/sites/classicteamsite3,11/16/2021 09:04:41,STS#0,,0,0,1,5,2,2,0,0,0,0,1,0,0,0,0,0,"CL4,CP2"
f403c19c-0541-4b70-863d-f2a169b62980,https://bertonline.sharepoint.com/sites/classicteamsite4,11/16/2021 08:53:50,STS#0,,0,0,0,5,2,2,0,0,0,0,2,0,0,0,0,0,CP2
f403c19c-0541-4b70-863d-f2a169b62980,https://bertonline.sharepoint.com/sites/cloudroadshownewyork,05/16/2018 09:32:37,STS#0,,0,0,1,5,2,2,0,0,0,0,2,0,0,4,0,0,"CE4,CE9,CP2"
f403c19c-0541-4b70-863d-f2a169b62980,https://bertonline.sharepoint.com/sites/clrdemo1,10/27/2017 05:22:03,STS#0,STS#0,1,1,2,10,4,4,0,0,0,0,0,0,0,4,0,0,"CE4,CE9,CP2,CL4"
f403c19c-0541-4b70-863d-f2a169b62980,https://bertonline.sharepoint.com/sites/clrdemo3,02/12/2020 19:14:44,STS#0,STS#0,1,1,0,9,4,4,0,0,0,0,0,0,0,4,0,0,"CE4,CE9,CP2"
f403c19c-0541-4b70-863d-f2a169b62980,https://bertonline.sharepoint.com/sites/communityportal,09/23/2016 19:59:45,COMMUNITYPORTAL#0,,0,0,0,2,0,0,0,0,0,0,0,0,0,0,0,0,
f403c19c-0541-4b70-863d-f2a169b62980,https://bertonline.sharepoint.com/sites/contentTypeHub,03/24/2021 19:23:14,STS#0,,0,0,0,5,2,2,0,0,0,0,1,0,0,0,0,0,CP2
f403c19c-0541-4b70-863d-f2a169b62980,https://bertonline.sharepoint.com/sites/contosodemo1,02/02/2020 11:21:12,STS#0,STS#0,1,1,3,8,3,3,0,0,0,0,2,0,0,0,0,0,"CL2,CL4,CL3,CP2"
f403c19c-0541-4b70-863d-f2a169b62980,https://bertonline.sharepoint.com/sites/contosodemo2,02/02/2020 22:17:26,STS#0,,0,0,3,5,3,3,0,0,0,0,1,0,0,0,0,0,"CL2,CL4,CL3,CP2"
f403c19c-0541-4b70-863d-f2a169b62980,https://bertonline.sharepoint.com/sites/contosodemo3,01/29/2019 18:44:43,STS#0,,0,0,2,5,3,3,0,0,0,0,4,0,0,0,0,0,"CL2,CL3,CP2"
f403c19c-0541-4b70-863d-f2a169b62980,https://bertonline.sharepoint.com/sites/contosodemo4,11/29/2018 10:02:20,STS#0,,0,0,2,5,3,3,0,0,0,0,4,0,0,0,0,0,"CL2,CL3,CP2"
f403c19c-0541-4b70-863d-f2a169b62980,https://bertonline.sharepoint.com/sites/contosodemo5,04/20/2021 09:53:47,STS#0,,0,0,2,5,3,3,0,0,0,0,0,0,0,2,0,0,"CE8,CL2,CL3,CP2"
f403c19c-0541-4b70-863d-f2a169b62980,https://bertonline.sharepoint.com/sites/contosodemo6,12/11/2018 15:24:50,STS#0,,0,0,2,5,3,3,0,0,0,0,3,0,0,2,0,0,"CE8,CL2,CL3,CP2"
f403c19c-0541-4b70-863d-f2a169b62980,https://bertonline.sharepoint.com/sites/contosodemo7,11/06/2021 17:58:39,STS#0,,0,0,2,6,3,3,0,0,0,0,4,0,0,0,0,0,"CL2,CL3,CP2"
f403c19c-0541-4b70-863d-f2a169b62980,https://bertonline.sharepoint.com/sites/contosoelectronics,11/27/2018 07:07:33,STS#0,,0,0,2,5,3,3,0,0,0,0,4,0,0,0,0,0,"CL2,CL3,CP2"
f403c19c-0541-4b70-863d-f2a169b62980,https://bertonline.sharepoint.com/sites/contosoelectronicsclassic,11/23/2018 14:13:55,STS#0,,0,0,1,5,3,3,0,0,0,0,0,0,0,0,0,0,"CL3,CP2"
f403c19c-0541-4b70-863d-f2a169b62980,https://bertonline.sharepoint.com/sites/contosoelectronicsdrones,02/11/2019 19:12:36,STS#0,STS#0,1,1,0,9,7,7,0,0,0,0,5,0,0,3,0,0,"CE8,CE9,CP2"
f403c19c-0541-4b70-863d-f2a169b62980,https://bertonline.sharepoint.com/sites/contractsmanagement001,12/16/2021 11:21:32,CONTENTCTR#0,,0,0,0,14,0,0,0,0,0,0,9,0,0,0,0,0,
f403c19c-0541-4b70-863d-f2a169b62980,https://bertonline.sharepoint.com/sites/contractsmanagement002,12/08/2021 11:00:09,CONTENTCTR#0,,0,0,0,8,0,0,0,0,0,0,1,0,0,0,0,0,
f403c19c-0541-4b70-863d-f2a169b62980,https://bertonline.sharepoint.com/sites/contractsmanagement1101,01/11/2022 09:27:37,CONTENTCTR#0,,0,0,0,14,0,0,0,0,0,0,9,0,0,0,0,0,
f403c19c-0541-4b70-863d-f2a169b62980,https://bertonline.sharepoint.com/sites/contractsmanagement1101-2,01/11/2022 09:31:09,CONTENTCTR#0,,0,0,0,13,0,0,0,0,0,0,9,0,0,0,0,0,
f403c19c-0541-4b70-863d-f2a169b62980,https://bertonline.sharepoint.com/sites/contractsmanagement1101-3,01/11/2022 09:41:54,CONTENTCTR#0,,0,0,0,14,0,0,0,0,0,0,9,0,0,0,0,0,
f403c19c-0541-4b70-863d-f2a169b62980,https://bertonline.sharepoint.com/sites/crisismanagement,09/23/2020 17:36:25,SITEPAGEPUBLISHING#0,,0,0,1,5,0,0,0,0,0,0,4,0,0,0,0,0,CL4
f403c19c-0541-4b70-863d-f2a169b62980,https://bertonline.sharepoint.com/sites/cyclingcommunity,09/23/2016 19:59:47,COMMUNITY#0,,0,0,3,4,6,6,0,0,0,0,0,0,0,0,0,0,"CL4,CP2"
f403c19c-0541-4b70-863d-f2a169b62980,https://bertonline.sharepoint.com/sites/d1,09/20/2021 07:38:35,SITEPAGEPUBLISHING#0,,0,0,1,4,0,0,0,0,0,0,1,0,0,0,0,0,CL4
f403c19c-0541-4b70-863d-f2a169b62980,https://bertonline.sharepoint.com/sites/debug1,09/29/2020 18:29:46,SITEPAGEPUBLISHING#0,,0,0,1,4,0,0,0,0,0,0,4,0,0,0,0,0,CL4
f403c19c-0541-4b70-863d-f2a169b62980,https://bertonline.sharepoint.com/sites/deleteme,10/27/2017 05:22:27,STS#0,,0,0,0,7,2,2,0,0,0,0,0,0,0,0,0,0,CP2
f403c19c-0541-4b70-863d-f2a169b62980,https://bertonline.sharepoint.com/sites/deleteme0942,11/30/2021 12:27:28,SITEPAGEPUBLISHING#0,,0,0,1,5,0,0,0,0,0,0,2,0,0,0,0,0,CL4
f403c19c-0541-4b70-863d-f2a169b62980,https://bertonline.sharepoint.com/sites/deleteme1844,11/10/2022 10:02:18,SITEPAGEPUBLISHING#0,,0,0,1,5,0,0,0,0,0,0,2,0,0,0,0,0,CL4
f403c19c-0541-4b70-863d-f2a169b62980,https://bertonline.sharepoint.com/sites/deletemenow,05/30/2022 18:09:58,GROUP#0,,0,0,0,4,0,0,0,0,0,0,1,0,0,0,0,0,
f403c19c-0541-4b70-863d-f2a169b62980,https://bertonline.sharepoint.com/sites/demofff,11/30/2022 13:47:59,SITEPAGEPUBLISHING#0,,0,0,1,4,0,0,0,0,0,0,1,0,0,0,0,0,CL4
f403c19c-0541-4b70-863d-f2a169b62980,https://bertonline.sharepoint.com/sites/dev,07/30/2021 20:10:35,STS#0,"STS#0,BLOG#0",18,2,34,120,60,58,0,1,1,0,1,0,3,5,0,0,"CL4,CL2,CL1,CL3,CL5,CP2,CP1,IF2,CS1,CP4,CE9,CE4"
f403c19c-0541-4b70-863d-f2a169b62980,https://bertonline.sharepoint.com/sites/dev2,10/27/2017 05:22:37,STS#0,CMSPUBLISHING#0,1,1,8,15,5,3,0,0,0,2,0,0,0,0,0,0,"CL4,CL3,CL5,CP2,CS2,CP4"
f403c19c-0541-4b70-863d-f2a169b62980,https://bertonline.sharepoint.com/sites/dev3,10/27/2017 05:22:42,STS#0,,0,0,1,6,3,3,0,0,0,0,0,0,0,1,0,0,"CE9,CL4,CP2"
f403c19c-0541-4b70-863d-f2a169b62980,https://bertonline.sharepoint.com/sites/dev5,10/27/2017 05:22:49,STS#0,,0,0,2,8,3,3,0,0,0,0,0,0,0,0,0,0,"CL4,CP2"
f403c19c-0541-4b70-863d-f2a169b62980,https://bertonline.sharepoint.com/sites/dev6,10/27/2017 05:22:54,STS#0,,0,0,0,5,2,2,0,0,0,0,0,0,0,0,0,0,CP2
f403c19c-0541-4b70-863d-f2a169b62980,https://bertonline.sharepoint.com/sites/devInfoPath2,10/27/2017 05:23:25,STS#0,,0,0,1,12,3,3,0,0,0,0,0,0,0,0,0,0,"CL4,CP2"
f403c19c-0541-4b70-863d-f2a169b62980,https://bertonline.sharepoint.com/sites/devaccenture,10/27/2017 05:23:01,STS#0,STS#0,1,1,1,14,5,5,0,0,0,0,0,0,0,2,0,0,"CE9,CE8,CL4,CP2"
f403c19c-0541-4b70-863d-f2a169b62980,https://bertonline.sharepoint.com/sites/devaccentureraja,10/27/2017 05:23:06,STS#0,,0,0,1,10,3,3,0,0,0,0,0,0,0,0,0,0,"CL4,CP2"
f403c19c-0541-4b70-863d-f2a169b62980,https://bertonline.sharepoint.com/sites/devbiwug,10/27/2017 05:23:12,STS#0,,0,0,8,9,5,5,0,0,0,0,0,0,0,1,0,0,"CE9,CL4,CL2,CP2"
f403c19c-0541-4b70-863d-f2a169b62980,https://bertonline.sharepoint.com/sites/devclr,09/03/2017 20:13:55,STS#0,STS#0,2,1,1,19,9,9,0,0,0,0,0,0,0,9,0,0,"CE8,CL4,CP2"
f403c19c-0541-4b70-863d-f2a169b62980,https://bertonline.sharepoint.com/sites/devinfopath,10/09/2019 17:55:40,STS#0,,0,0,26,0,5,5,0,0,0,0,0,0,12,0,0,0,"CL1,CL4,CP2,IF2,IF1"
f403c19c-0541-4b70-863d-f2a169b62980,https://bertonline.sharepoint.com/sites/devinfopath3,10/27/2017 05:23:30,STS#0,,0,0,1,12,3,3,0,0,0,0,0,0,0,0,0,0,"CL4,CP2"
f403c19c-0541-4b70-863d-f2a169b62980,https://bertonline.sharepoint.com/sites/devjscore,11/23/2016 19:37:46,STS#0,,0,0,0,7,2,2,0,0,0,0,0,0,0,0,0,0,CP2
f403c19c-0541-4b70-863d-f2a169b62980,https://bertonline.sharepoint.com/sites/devnl,10/30/2019 16:47:28,STS#0,STS#0,1,1,1,9,6,5,0,0,1,0,0,0,0,0,0,0,"CL4,CP2,CP1"
f403c19c-0541-4b70-863d-f2a169b62980,https://bertonline.sharepoint.com/sites/devportal,12/03/2021 17:18:49,BLANKINTERNET#0,CMSPUBLISHING#0,2,1,11,13,19,0,0,0,0,19,0,0,0,0,0,0,"CS2,CL3,CL5,CL4,CP4"
f403c19c-0541-4b70-863d-f2a169b62980,https://bertonline.sharepoint.com/sites/dummy,12/13/2017 14:12:42,STS#0,,0,0,0,5,2,2,0,0,0,0,1,0,0,0,0,0,CP2
f403c19c-0541-4b70-863d-f2a169b62980,https://bertonline.sharepoint.com/sites/dutch,06/04/2021 10:50:51,STS#0,,0,0,1,5,2,2,0,0,0,0,2,0,0,0,0,0,"CL4,CP2"
f403c19c-0541-4b70-863d-f2a169b62980,https://bertonline.sharepoint.com/sites/ecs2018demo1,05/31/2018 16:07:43,STS#0,,0,0,1,6,6,6,0,0,0,0,7,0,0,2,0,0,"CE9,CL2,CP2"
f403c19c-0541-4b70-863d-f2a169b62980,https://bertonline.sharepoint.com/sites/ecs2018demo2,05/29/2018 15:54:55,STS#0,,0,0,1,6,6,6,0,0,0,0,7,0,0,2,0,0,"CE9,CL2,CP2"
f403c19c-0541-4b70-863d-f2a169b62980,https://bertonline.sharepoint.com/sites/ecs2018test1,05/31/2018 16:22:47,STS#0,,0,0,2,7,6,6,0,0,0,0,7,0,0,2,0,0,"CE9,CL1,CL2,CP2"
f403c19c-0541-4b70-863d-f2a169b62980,https://bertonline.sharepoint.com/sites/ediscovery,12/08/2016 10:43:32,EDISC#0,EDISC#0,2,1,13,5,0,0,0,0,0,0,0,0,0,0,0,0,CL4
f403c19c-0541-4b70-863d-f2a169b62980,https://bertonline.sharepoint.com/sites/esc2018demo1,05/27/2018 12:11:55,STS#0,,0,0,0,5,2,2,0,0,0,0,0,0,0,0,0,0,CP2
f403c19c-0541-4b70-863d-f2a169b62980,https://bertonline.sharepoint.com/sites/esc2018demo2,05/27/2018 12:05:40,STS#0,,0,0,0,5,2,2,0,0,0,0,0,0,0,0,0,0,CP2
f403c19c-0541-4b70-863d-f2a169b62980,https://bertonline.sharepoint.com/sites/espc2019Modernize01,08/31/2020 13:37:05,STS#0,,0,0,2,5,4,3,0,0,1,0,1,0,0,2,0,0,"CE9,CL2,CL3,CP2,CP1"
f403c19c-0541-4b70-863d-f2a169b62980,https://bertonline.sharepoint.com/sites/espc2019Modernize02,02/11/2020 14:47:28,STS#0,,0,0,2,5,5,4,0,0,1,0,6,0,0,2,0,0,"CE9,CL2,CL3,CP2,CP1"
f403c19c-0541-4b70-863d-f2a169b62980,https://bertonline.sharepoint.com/sites/espc2019Modernize03,04/19/2021 11:37:07,STS#0,,0,0,7,1,5,4,0,0,1,0,6,0,0,3,0,0,"CE4,CE9,CL1,CL2,CL4,CL3,CP2,CP1"
f403c19c-0541-4b70-863d-f2a169b62980,https://bertonline.sharepoint.com/sites/espc2019Modernize04,12/03/2019 13:30:40,STS#0,,0,0,2,5,5,4,0,0,1,0,6,0,0,2,0,0,"CE9,CL2,CL3,CP2,CP1"
f403c19c-0541-4b70-863d-f2a169b62980,https://bertonline.sharepoint.com/sites/espc2021classic,04/20/2021 10:24:04,STS#0,,0,0,0,5,2,2,0,0,0,0,0,0,0,0,0,0,CP2
f403c19c-0541-4b70-863d-f2a169b62980,https://bertonline.sharepoint.com/sites/espc2022-90,11/28/2022 14:48:57,SITEPAGEPUBLISHING#0,,0,0,1,6,0,0,0,0,0,0,4,0,0,0,0,0,CL4
f403c19c-0541-4b70-863d-f2a169b62980,https://bertonline.sharepoint.com/sites/espc2022-91,11/28/2022 14:58:11,SITEPAGEPUBLISHING#0,,0,0,1,6,0,0,0,0,0,0,4,0,0,0,0,0,CL4
f403c19c-0541-4b70-863d-f2a169b62980,https://bertonline.sharepoint.com/sites/espc2022-92,12/12/2022 19:40:13,SITEPAGEPUBLISHING#0,,0,0,1,6,0,0,0,0,0,0,4,0,0,0,0,0,CL4
f403c19c-0541-4b70-863d-f2a169b62980,https://bertonline.sharepoint.com/sites/espc2022-94,11/21/2022 20:19:36,SITEPAGEPUBLISHING#0,,0,0,1,5,0,0,0,0,0,0,6,0,0,0,0,0,CL4
f403c19c-0541-4b70-863d-f2a169b62980,https://bertonline.sharepoint.com/sites/espc2022-95,11/21/2022 20:16:57,SITEPAGEPUBLISHING#0,,0,0,1,5,0,0,0,0,0,0,6,0,0,0,0,0,CL4
f403c19c-0541-4b70-863d-f2a169b62980,https://bertonline.sharepoint.com/sites/espc2022-96,11/21/2022 20:01:49,SITEPAGEPUBLISHING#0,,0,0,1,5,0,0,0,0,0,0,2,0,0,0,0,0,CL4
f403c19c-0541-4b70-863d-f2a169b62980,https://bertonline.sharepoint.com/sites/espc2022-97,11/21/2022 19:37:57,SITEPAGEPUBLISHING#0,,0,0,1,5,0,0,0,0,0,0,2,0,0,0,0,0,CL4
f403c19c-0541-4b70-863d-f2a169b62980,https://bertonline.sharepoint.com/sites/espc2022-98,11/21/2022 19:52:26,SITEPAGEPUBLISHING#0,,0,0,1,5,0,0,0,0,0,0,6,0,0,0,0,0,CL4
f403c19c-0541-4b70-863d-f2a169b62980,https://bertonline.sharepoint.com/sites/espcteamsite1,11/14/2017 16:03:39,STS#0,,0,0,1,8,2,2,0,0,0,0,1,0,0,4,0,0,"CE8,CE9,CL4,CP2"
f403c19c-0541-4b70-863d-f2a169b62980,https://bertonline.sharepoint.com/sites/espctest1,05/31/2019 13:55:41,STS#0,STS#0,1,1,8,19,10,3,0,0,7,0,0,0,2,2,0,0,"CE8,CL3,CL4,CL5,CP2,CP1,IF2"
f403c19c-0541-4b70-863d-f2a169b62980,https://bertonline.sharepoint.com/sites/espctest2,09/04/2019 07:25:04,STS#0,"PROJECTSITE#0,STS#0",2,1,13,22,55,34,1,0,19,1,45,0,1,2,0,0,"CE8,CL4,CL3,CL5,CP4,CP2,CP1,CP5,IF2"
f403c19c-0541-4b70-863d-f2a169b62980,https://bertonline.sharepoint.com/sites/fodintranet,10/30/2017 08:32:16,STS#0,,0,0,3,7,2,2,0,0,0,0,0,0,0,0,0,0,"CL3,CL5,CL4,CP2"
f403c19c-0541-4b70-863d-f2a169b62980,https://bertonline.sharepoint.com/sites/french,07/17/2020 11:57:36,STS#0,,0,0,1,5,2,2,0,0,0,0,0,0,0,0,0,0,"CL4,CP2"
f403c19c-0541-4b70-863d-f2a169b62980,https://bertonline.sharepoint.com/sites/fromsp2013-devportal,09/05/2019 08:06:17,SITEPAGEPUBLISHING#0,,0,0,5,5,0,0,0,0,0,0,1,0,0,0,0,0,"CL4,CL3,CL5"
f403c19c-0541-4b70-863d-f2a169b62980,https://bertonline.sharepoint.com/sites/hybridwork,02/23/2021 09:40:02,SITEPAGEPUBLISHING#0,,0,0,1,6,0,0,0,0,0,0,19,0,0,0,0,0,CL4
f403c19c-0541-4b70-863d-f2a169b62980,https://bertonline.sharepoint.com/sites/hybridwork2502,02/25/2021 15:03:39,SITEPAGEPUBLISHING#0,,0,0,1,6,0,0,0,0,0,0,19,0,0,0,0,0,CL4
f403c19c-0541-4b70-863d-f2a169b62980,https://bertonline.sharepoint.com/sites/hybridwork2502-02,02/25/2021 15:39:12,SITEPAGEPUBLISHING#0,,0,0,1,6,0,0,0,0,0,0,19,0,0,0,0,0,CL4
f403c19c-0541-4b70-863d-f2a169b62980,https://bertonline.sharepoint.com/sites/hybridwork2502-03,02/25/2021 16:27:47,SITEPAGEPUBLISHING#0,,0,0,1,6,0,0,0,0,0,0,19,0,0,0,0,0,CL4
f403c19c-0541-4b70-863d-f2a169b62980,https://bertonline.sharepoint.com/sites/hybridwork2502-1,02/25/2021 15:27:47,SITEPAGEPUBLISHING#0,,0,0,1,6,0,0,0,0,0,0,1,0,0,0,0,0,CL4
f403c19c-0541-4b70-863d-f2a169b62980,https://bertonline.sharepoint.com/sites/hybridwork2602,02/26/2021 08:32:14,SITEPAGEPUBLISHING#0,,0,0,1,6,0,0,0,0,0,0,19,0,0,0,0,0,CL4
f403c19c-0541-4b70-863d-f2a169b62980,https://bertonline.sharepoint.com/sites/hybridwork4,02/25/2021 13:56:14,SITEPAGEPUBLISHING#0,,0,0,1,6,0,0,0,0,0,0,19,0,0,0,0,0,CL4
f403c19c-0541-4b70-863d-f2a169b62980,https://bertonline.sharepoint.com/sites/hybridwork5,02/23/2021 16:17:18,SITEPAGEPUBLISHING#0,,0,0,1,6,0,0,0,0,0,0,1,0,0,0,0,0,CL4
f403c19c-0541-4b70-863d-f2a169b62980,https://bertonline.sharepoint.com/sites/hybridwork6,02/23/2021 16:43:03,SITEPAGEPUBLISHING#0,,0,0,1,6,0,0,0,0,0,0,19,0,0,0,0,0,CL4
f403c19c-0541-4b70-863d-f2a169b62980,https://bertonline.sharepoint.com/sites/hybridwork7,02/23/2021 17:05:38,SITEPAGEPUBLISHING#0,,0,0,1,6,0,0,0,0,0,0,19,0,0,0,0,0,CL4
f403c19c-0541-4b70-863d-f2a169b62980,https://bertonline.sharepoint.com/sites/intranet,12/08/2016 10:44:05,BLANKINTERNET#0,CMSPUBLISHING#0,3,3,14,8,10,0,0,0,0,10,0,0,0,0,0,0,"CS2,CL3,CL5,CL4,CP4"
f403c19c-0541-4b70-863d-f2a169b62980,https://bertonline.sharepoint.com/sites/ip1,10/30/2017 08:32:42,STS#0,,0,0,0,6,2,2,0,0,0,0,0,0,1,0,0,0,"CP2,IF2"
f403c19c-0541-4b70-863d-f2a169b62980,https://bertonline.sharepoint.com/sites/jdp0001,10/30/2017 08:32:53,STS#0,STS#0,1,1,9,8,10,10,0,0,0,0,0,0,0,0,0,0,"CL4,CP2"
f403c19c-0541-4b70-863d-f2a169b62980,https://bertonline.sharepoint.com/sites/johnsanderstest,03/08/2019 20:13:25,SITEPAGEPUBLISHING#0,,0,0,1,5,0,0,0,0,0,0,16,0,0,0,0,0,CL4
f403c19c-0541-4b70-863d-f2a169b62980,https://bertonline.sharepoint.com/sites/jsloadtest,06/26/2017 14:15:55,STS#0,STS#0,1,1,2,10,4,4,0,0,0,0,0,0,0,3,0,0,"CE9,CP2,CL4"
f403c19c-0541-4b70-863d-f2a169b62980,https://bertonline.sharepoint.com/sites/kbc,10/30/2017 08:33:06,STS#0,"BLOG#0,COMMUNITY#0,PROJECTSITE#0",3,1,8,11,10,9,0,1,0,0,0,0,0,0,0,0,"CP2,CS1,CL4,CP4"
f403c19c-0541-4b70-863d-f2a169b62980,https://bertonline.sharepoint.com/sites/kbcportal,06/19/2017 16:46:20,STS#0,,0,0,3,8,16,16,0,0,0,0,0,0,0,1,0,0,"CE9,CL4,CP2"
f403c19c-0541-4b70-863d-f2a169b62980,https://bertonline.sharepoint.com/sites/m365lp2,08/18/2020 09:05:05,SITEPAGEPUBLISHING#0,,0,0,1,8,0,0,0,0,0,0,110,0,0,0,0,0,CL4
f403c19c-0541-4b70-863d-f2a169b62980,https://bertonline.sharepoint.com/sites/modern,10/26/2020 12:33:22,STS#0,STS#0,3,2,1,21,6,6,0,0,0,0,7,0,0,0,0,0,"CL4,CP2"
f403c19c-0541-4b70-863d-f2a169b62980,https://bertonline.sharepoint.com/sites/modern2,12/18/2017 09:32:50,STS#0,,0,0,0,5,2,2,0,0,0,0,1,0,0,0,0,0,CP2
f403c19c-0541-4b70-863d-f2a169b62980,https://bertonline.sharepoint.com/sites/modernblog,11/07/2019 18:38:42,SITEPAGEPUBLISHING#0,,0,0,1,5,0,0,0,0,0,0,3,0,0,0,0,0,CL4
f403c19c-0541-4b70-863d-f2a169b62980,https://bertonline.sharepoint.com/sites/modernexperience,12/22/2016 08:09:37,STS#0,,0,0,0,5,2,2,0,0,0,0,0,0,0,0,0,0,CP2
f403c19c-0541-4b70-863d-f2a169b62980,https://bertonline.sharepoint.com/sites/modernizationdemo,11/03/2018 13:56:14,STS#0,,0,0,0,6,4,4,0,0,0,0,2,0,0,0,0,0,CP2
f403c19c-0541-4b70-863d-f2a169b62980,https://bertonline.sharepoint.com/sites/modernizationtest,11/23/2018 11:26:32,STS#0,,0,0,0,5,5,4,0,0,1,0,1,0,0,2,0,0,"CE8,CP2,CP1"
f403c19c-0541-4b70-863d-f2a169b62980,https://bertonline.sharepoint.com/sites/modernizationtestpages,09/02/2022 08:39:24,STS#0,"BLOG#0,STS#0",5,1,10,25,121,102,1,6,12,0,126,0,0,3,0,0,"CE9,CE8,CL4,CL5,CL3,CP2,CP1,CP5,CS1,CP4"
f403c19c-0541-4b70-863d-f2a169b62980,https://bertonline.sharepoint.com/sites/modernizationtestportal,08/21/2019 10:51:35,BLANKINTERNET#0,CMSPUBLISHING#0,1,1,9,6,14,0,0,0,0,14,0,0,0,0,0,0,"CS2,CL3,CL4,CL5,CP4"
f403c19c-0541-4b70-863d-f2a169b62980,https://bertonline.sharepoint.com/sites/modernizationtestportal2,10/14/2021 15:51:53,SITEPAGEPUBLISHING#0,,0,0,1,4,0,0,0,0,0,0,1,0,0,0,0,0,CL4
f403c19c-0541-4b70-863d-f2a169b62980,https://bertonline.sharepoint.com/sites/modernizationusermapping,02/01/2021 07:13:16,SITEPAGEPUBLISHING#0,,0,0,3,5,0,0,0,0,0,0,13,0,0,0,0,0,CL4
f403c19c-0541-4b70-863d-f2a169b62980,https://bertonline.sharepoint.com/sites/modernizefrp01,05/13/2019 09:17:37,STS#0,,0,0,1,6,4,4,0,0,0,0,5,0,0,2,0,0,"CE9,CL2,CP2"
f403c19c-0541-4b70-863d-f2a169b62980,https://bertonline.sharepoint.com/sites/modernizefrp02,05/13/2019 13:38:26,STS#0,,0,0,1,6,4,4,0,0,0,0,5,0,0,2,0,0,"CE9,CL2,CP2"
f403c19c-0541-4b70-863d-f2a169b62980,https://bertonline.sharepoint.com/sites/modernizefrp03,02/02/2020 11:16:52,STS#0,,0,0,8,0,4,4,0,0,0,0,1,0,0,3,0,0,"CE4,CE9,CL2,CL1,CL4,CP2"
f403c19c-0541-4b70-863d-f2a169b62980,https://bertonline.sharepoint.com/sites/modernizeme01,10/18/2019 17:05:31,STS#0,,0,0,0,5,3,3,0,0,0,0,3,0,0,0,0,0,CP2
f403c19c-0541-4b70-863d-f2a169b62980,https://bertonline.sharepoint.com/sites/modernizeme02,04/19/2021 11:33:28,STS#0,,0,0,1,6,4,4,0,0,0,0,5,0,0,2,0,0,"CE9,CL2,CP2"
f403c19c-0541-4b70-863d-f2a169b62980,https://bertonline.sharepoint.com/sites/modernizeme03,10/23/2018 08:08:10,STS#0,,0,0,1,6,4,4,0,0,0,0,5,0,0,2,0,0,"CE9,CL2,CP2"
f403c19c-0541-4b70-863d-f2a169b62980,https://bertonline.sharepoint.com/sites/modernizeme04,10/19/2018 10:21:52,STS#0,,0,0,1,6,4,4,0,0,0,0,5,0,0,2,0,0,"CE9,CL2,CP2"
f403c19c-0541-4b70-863d-f2a169b62980,https://bertonline.sharepoint.com/sites/multilingual,01/09/2020 12:25:16,SITEPAGEPUBLISHING#0,,0,0,1,5,0,0,0,0,0,0,6,0,0,0,0,0,CL4
f403c19c-0541-4b70-863d-f2a169b62980,https://bertonline.sharepoint.com/sites/multilingualtarget,01/09/2020 15:54:58,SITEPAGEPUBLISHING#0,,0,0,1,5,0,0,0,0,0,0,7,0,0,0,0,0,CL4
f403c19c-0541-4b70-863d-f2a169b62980,https://bertonline.sharepoint.com/sites/navigationtest1,01/13/2020 08:16:54,SITEPAGEPUBLISHING#0,,0,0,1,4,0,0,0,0,0,0,1,0,0,0,0,0,CL4
f403c19c-0541-4b70-863d-f2a169b62980,https://bertonline.sharepoint.com/sites/nlmodernize,12/02/2021 21:27:57,STS#0,,0,0,0,5,3,2,0,0,1,0,3,0,0,0,0,0,"CP2,CP1"
f403c19c-0541-4b70-863d-f2a169b62980,https://bertonline.sharepoint.com/sites/onedrivedemo,10/30/2017 08:33:17,STS#0,,0,0,0,5,2,2,0,0,0,0,0,0,0,0,0,0,CP2
f403c19c-0541-4b70-863d-f2a169b62980,https://bertonline.sharepoint.com/sites/p2,10/30/2017 08:33:22,STS#0,BLOG#0,1,1,8,9,16,15,0,1,0,0,0,0,0,1,0,0,"CE9,CL4,CP2,CS1,CP4"
f403c19c-0541-4b70-863d-f2a169b62980,https://bertonline.sharepoint.com/sites/pagetransformationdemoblog,10/17/2019 13:40:13,BLOG#0,,0,0,3,3,2,0,0,2,0,0,0,0,0,0,0,0,"CS1,CL4,CP4"
f403c19c-0541-4b70-863d-f2a169b62980,https://bertonline.sharepoint.com/sites/pagetransformationdemoportal,11/29/2022 11:04:52,BLANKINTERNET#0,CMSPUBLISHING#0,1,1,16,0,5,0,0,0,0,5,0,0,0,2,0,0,"CS2,CE3,CL1,CL3,CL5,CL4,CP4"
f403c19c-0541-4b70-863d-f2a169b62980,https://bertonline.sharepoint.com/sites/pagetransformationdemosite,11/29/2022 13:57:22,STS#0,,0,0,0,5,3,2,0,0,1,0,1,0,0,0,0,0,"CP2,CP1"
f403c19c-0541-4b70-863d-f2a169b62980,https://bertonline.sharepoint.com/sites/pagetransformationdemotarget,11/29/2022 13:48:07,SITEPAGEPUBLISHING#0,,0,0,1,5,0,0,0,0,0,0,4,0,0,0,0,0,CL4
f403c19c-0541-4b70-863d-f2a169b62980,https://bertonline.sharepoint.com/sites/pagetransformationdemotargetHR,05/29/2019 18:30:36,SITEPAGEPUBLISHING#0,,0,0,1,5,0,0,0,0,0,0,1,0,0,0,0,0,CL4
f403c19c-0541-4b70-863d-f2a169b62980,https://bertonline.sharepoint.com/sites/permissive,04/09/2019 06:57:45,STS#0,,0,0,0,5,8,8,0,0,0,0,6,0,0,0,0,0,CP2
f403c19c-0541-4b70-863d-f2a169b62980,https://bertonline.sharepoint.com/sites/pnp-unit-test-291,10/09/2020 19:12:19,GROUP#0,,0,0,0,4,0,0,0,0,0,0,1,0,0,0,0,0,
f403c19c-0541-4b70-863d-f2a169b62980,https://bertonline.sharepoint.com/sites/pnp-unit-test-800,10/09/2020 19:12:00,GROUP#0,,0,0,0,4,0,0,0,0,0,0,1,0,0,0,0,0,
f403c19c-0541-4b70-863d-f2a169b62980,https://bertonline.sharepoint.com/sites/pnp-unit-test-980,10/09/2020 19:12:37,GROUP#0,,0,0,0,4,0,0,0,0,0,0,1,0,0,0,0,0,
f403c19c-0541-4b70-863d-f2a169b62980,https://bertonline.sharepoint.com/sites/pnp-unit-test-999,10/09/2020 19:12:12,GROUP#0,,0,0,0,4,0,0,0,0,0,0,1,0,0,0,0,0,
f403c19c-0541-4b70-863d-f2a169b62980,https://bertonline.sharepoint.com/sites/pnpcoreappcatalog,12/15/2021 10:29:08,SITEPAGEPUBLISHING#0,,0,0,2,4,0,0,0,0,0,0,1,0,0,0,0,0,CL4
f403c19c-0541-4b70-863d-f2a169b62980,https://bertonline.sharepoint.com/sites/pnpcoresdktest,11/08/2022 12:54:04,SITEPAGEPUBLISHING#0,,0,0,2,5,0,0,0,0,0,0,1,0,0,0,0,0,CL4
f403c19c-0541-4b70-863d-f2a169b62980,https://bertonline.sharepoint.com/sites/pnpcoresdktestteamsite0de1b42a806d4754a0af09e8b5b535b0,05/30/2022 14:14:33,GROUP#0,,0,0,0,4,0,0,0,0,0,0,1,0,0,0,0,0,
f403c19c-0541-4b70-863d-f2a169b62980,https://bertonline.sharepoint.com/sites/pnpcoresdktestteamsite30023edb2a4e44d383a4303639df3ad0,10/03/2021 09:23:51,GROUP#0,,0,0,0,5,0,0,0,0,0,0,1,0,0,0,0,0,
f403c19c-0541-4b70-863d-f2a169b62980,https://bertonline.sharepoint.com/sites/pnpcoresdktestteamsite6b76aae864b64a46982ca0f09101b088,04/05/2022 11:37:57,GROUP#0,,0,0,0,5,0,0,0,0,0,0,1,0,0,0,0,0,
f403c19c-0541-4b70-863d-f2a169b62980,https://bertonline.sharepoint.com/sites/pnpcoresdktestteamsite72f119d75bf441f98cc215fd74842c00,10/25/2021 11:59:31,GROUP#0,,0,0,0,5,0,0,0,0,0,0,1,0,0,0,0,0,
f403c19c-0541-4b70-863d-f2a169b62980,https://bertonline.sharepoint.com/sites/pnpmicrosoft365librarytest,04/17/2020 15:14:08,SITEPAGEPUBLISHING#0,STS#0,1,1,1,7,0,0,0,0,0,0,2,0,0,0,0,0,CL4
f403c19c-0541-4b70-863d-f2a169b62980,https://bertonline.sharepoint.com/sites/pnpmicrosoft365librarytestgroup,04/19/2020 12:21:48,GROUP#0,STS#0,1,1,0,8,0,0,0,0,0,0,2,0,0,0,0,0,
f403c19c-0541-4b70-863d-f2a169b62980,https://bertonline.sharepoint.com/sites/pnpnoscript,10/26/2016 01:37:58,STS#0,,0,0,0,5,2,2,0,0,0,0,0,0,0,0,0,0,CP2
f403c19c-0541-4b70-863d-f2a169b62980,https://bertonline.sharepoint.com/sites/pnppartnerpack3,10/30/2017 08:33:36,STS#0,,0,0,0,6,2,2,0,0,0,0,0,0,0,1,0,0,"CE9,CP2"
f403c19c-0541-4b70-863d-f2a169b62980,https://bertonline.sharepoint.com/sites/pnppartnerpacktest2,06/26/2017 14:16:16,STS#0,STS#0,1,1,0,8,4,4,0,0,0,0,0,0,0,4,0,0,"CE4,CE9,CP2"
f403c19c-0541-4b70-863d-f2a169b62980,https://bertonline.sharepoint.com/sites/pnpscript,10/26/2016 01:38:04,STS#0,,0,0,0,5,2,2,0,0,0,0,0,0,0,0,0,0,CP2
f403c19c-0541-4b70-863d-f2a169b62980,https://bertonline.sharepoint.com/sites/pnptemplate1,09/08/2017 07:16:24,STS#0,BLOG#0,1,1,3,8,3,2,0,1,0,0,0,0,0,1,0,0,"CE9,CP2,CS1,CL4,CP4"
f403c19c-0541-4b70-863d-f2a169b62980,https://bertonline.sharepoint.com/sites/pnptest,01/22/2021 04:32:37,STS#0,"CMSPUBLISHING#0,STS#0",3,1,7,14,9,6,0,0,0,3,0,0,0,0,0,0,"CL4,CL3,CL5,CP2,CS2,CP4"
f403c19c-0541-4b70-863d-f2a169b62980,https://bertonline.sharepoint.com/sites/pnptest2,06/28/2020 23:16:36,STS#0,CMSPUBLISHING#0,1,1,9,8,6,2,0,0,0,4,1,0,0,0,0,0,"CL4,CL3,CL5,CP4,CP2,CS2"
f403c19c-0541-4b70-863d-f2a169b62980,https://bertonline.sharepoint.com/sites/portalconfiguration,06/20/2017 21:05:18,STS#0,,0,0,0,7,2,2,0,0,0,0,0,0,0,0,0,0,CP2
f403c19c-0541-4b70-863d-f2a169b62980,https://bertonline.sharepoint.com/sites/portaldemo,08/29/2018 10:54:22,BLANKINTERNET#0,BLANKINTERNET#0,1,1,8,9,7,0,0,0,0,7,0,0,0,2,0,0,"CS2,CE3,CL3,CL5,CL4,CP4"
f403c19c-0541-4b70-863d-f2a169b62980,https://bertonline.sharepoint.com/sites/pr1,08/08/2017 09:50:04,STS#0,,0,0,0,5,2,2,0,0,0,0,0,0,0,0,0,0,CP2
f403c19c-0541-4b70-863d-f2a169b62980,https://bertonline.sharepoint.com/sites/previousroot,01/21/2019 04:51:31,STS#0,,0,0,2,9,3,3,0,0,0,0,1,0,0,0,0,0,"CL4,CP2"
f403c19c-0541-4b70-863d-f2a169b62980,https://bertonline.sharepoint.com/sites/projectsitetest,06/03/2019 09:47:50,PROJECTSITE#0,,0,0,2,5,0,0,0,0,0,0,1,0,0,0,0,0,CL4
f403c19c-0541-4b70-863d-f2a169b62980,https://bertonline.sharepoint.com/sites/prov-1,12/12/2022 12:50:56,GROUP#0,STS#0,6,2,0,50,0,0,0,0,0,0,11,0,2,0,0,0,"IF2,IF1"
f403c19c-0541-4b70-863d-f2a169b62980,https://bertonline.sharepoint.com/sites/prov-2,12/22/2022 13:52:22,GROUP#0,STS#0,1,1,0,11,0,0,0,0,0,0,2,0,0,0,0,0,
f403c19c-0541-4b70-863d-f2a169b62980,https://bertonline.sharepoint.com/sites/provisioningtest2,10/05/2018 13:55:44,GROUP#0,,0,0,0,7,0,0,0,0,0,0,1,0,0,0,0,0,
f403c19c-0541-4b70-863d-f2a169b62980,https://bertonline.sharepoint.com/sites/publishing1,12/11/2016 09:58:45,BLANKINTERNET#0,CMSPUBLISHING#0,3,1,14,9,15,0,0,0,0,15,0,0,0,0,0,0,"CS2,CL3,CL5,CL4,CP4"
f403c19c-0541-4b70-863d-f2a169b62980,https://bertonline.sharepoint.com/sites/publishing2,12/11/2016 09:58:53,BLANKINTERNET#0,CMSPUBLISHING#0,3,1,14,9,9,0,0,0,0,9,0,0,0,0,0,0,"CS2,CL3,CL5,CL4,CP4"
f403c19c-0541-4b70-863d-f2a169b62980,https://bertonline.sharepoint.com/sites/publishing3,12/11/2016 09:58:58,BLANKINTERNET#0,,0,0,5,5,13,0,0,0,0,13,0,0,0,0,0,0,"CS2,CL3,CL5,CL4,CP4"
f403c19c-0541-4b70-863d-f2a169b62980,https://bertonline.sharepoint.com/sites/rajatest1,05/20/2017 00:43:28,STS#0,STS#0,2,1,5,41,7,6,0,0,0,1,0,0,21,0,0,0,"CL3,CL5,CL4,CP4,CP2,IF2"
f403c19c-0541-4b70-863d-f2a169b62980,https://bertonline.sharepoint.com/sites/records,09/23/2016 20:01:34,OFFILE#1,,0,0,2,2,0,0,0,0,0,0,0,0,0,0,0,0,CL4
f403c19c-0541-4b70-863d-f2a169b62980,https://bertonline.sharepoint.com/sites/redirectbug,08/08/2017 09:50:47,STS#0,,0,0,4,5,8,8,0,0,0,0,0,0,0,0,0,0,"CL4,CP2"
f403c19c-0541-4b70-863d-f2a169b62980,https://bertonline.sharepoint.com/sites/responsivedesign,08/08/2017 09:50:57,STS#0,,0,0,0,5,2,2,0,0,0,0,0,0,0,1,0,0,"CE4,CP2"
f403c19c-0541-4b70-863d-f2a169b62980,https://bertonline.sharepoint.com/sites/rol1,11/11/2021 09:00:22,SITEPAGEPUBLISHING#0,,0,0,1,4,0,0,0,0,0,0,1,0,0,0,0,0,CL4
f403c19c-0541-4b70-863d-f2a169b62980,https://bertonline.sharepoint.com/sites/rol2,11/11/2021 09:00:38,SITEPAGEPUBLISHING#0,,0,0,1,4,0,0,0,0,0,0,1,0,0,0,0,0,CL4
f403c19c-0541-4b70-863d-f2a169b62980,https://bertonline.sharepoint.com/sites/rol3,11/11/2021 09:00:54,SITEPAGEPUBLISHING#0,,0,0,1,4,0,0,0,0,0,0,1,0,0,0,0,0,CL4
f403c19c-0541-4b70-863d-f2a169b62980,https://bertonline.sharepoint.com/sites/schedulingtest1,07/05/2021 12:56:07,SITEPAGEPUBLISHING#0,,0,0,1,4,0,0,0,0,0,0,2,0,0,0,0,0,CL4
f403c19c-0541-4b70-863d-f2a169b62980,https://bertonline.sharepoint.com/sites/scripts,11/07/2021 21:27:13,STS#0,,0,0,0,5,2,2,0,0,0,0,1,0,0,0,0,0,CP2
f403c19c-0541-4b70-863d-f2a169b62980,https://bertonline.sharepoint.com/sites/searchdemo,01/30/2018 12:24:22,SRCHCEN#0,,0,0,7,5,8,0,0,0,0,8,0,0,0,0,0,0,"CL3,CL5,CL4,CP4"
f403c19c-0541-4b70-863d-f2a169b62980,https://bertonline.sharepoint.com/sites/sigdemo200109,01/09/2020 15:39:43,SITEPAGEPUBLISHING#0,,0,0,1,4,0,0,0,0,0,0,6,0,0,0,0,0,CL4
f403c19c-0541-4b70-863d-f2a169b62980,https://bertonline.sharepoint.com/sites/site4af77e31802345eab4e67a08624b4e64,09/24/2021 17:04:33,GROUP#0,,0,0,0,5,0,0,0,0,0,0,1,0,0,0,0,0,
f403c19c-0541-4b70-863d-f2a169b62980,https://bertonline.sharepoint.com/sites/siteffd8b7ab07414bb9a4c9ebe7da8bff36,11/05/2020 19:25:52,SITEPAGEPUBLISHING#0,,0,0,1,4,0,0,0,0,0,0,1,0,0,0,0,0,CL4
f403c19c-0541-4b70-863d-f2a169b62980,https://bertonline.sharepoint.com/sites/spc,08/08/2017 09:51:13,STS#0,,0,0,0,6,2,2,0,0,0,0,0,0,0,0,0,0,CP2
f403c19c-0541-4b70-863d-f2a169b62980,https://bertonline.sharepoint.com/sites/spcna01,06/19/2018 10:47:10,STS#0,,0,0,1,6,6,6,0,0,0,0,6,0,0,2,0,0,"CE9,CL2,CP2"
f403c19c-0541-4b70-863d-f2a169b62980,https://bertonline.sharepoint.com/sites/spcna02,06/22/2018 16:18:49,STS#0,,0,0,1,6,5,5,0,0,0,0,1,0,0,3,0,0,"CE4,CE9,CL2,CP2"
f403c19c-0541-4b70-863d-f2a169b62980,https://bertonline.sharepoint.com/sites/spcna03,05/20/2018 18:09:45,STS#0,,0,0,1,6,5,5,0,0,0,0,6,0,0,2,0,0,"CE9,CL2,CP2"
f403c19c-0541-4b70-863d-f2a169b62980,https://bertonline.sharepoint.com/sites/spcnatest01,05/17/2018 16:44:03,STS#0,,0,0,1,6,5,5,0,0,0,0,0,0,0,3,0,0,"CE4,CE9,CL2,CP2"
f403c19c-0541-4b70-863d-f2a169b62980,https://bertonline.sharepoint.com/sites/spcnatest02,06/19/2018 17:33:07,STS#0,,0,0,2,6,4,4,0,0,0,0,5,0,0,2,0,0,"CE9,CL4,CL2,CP2"
f403c19c-0541-4b70-863d-f2a169b62980,https://bertonline.sharepoint.com/sites/spsbrussels,10/15/2016 12:32:58,STS#0,,0,0,1,8,3,3,0,0,0,0,0,0,0,0,0,0,"CL4,CP2"
f403c19c-0541-4b70-863d-f2a169b62980,https://bertonline.sharepoint.com/sites/spsbrussels2,10/14/2016 17:06:03,STS#0,,0,0,1,11,3,3,0,0,0,0,0,0,0,0,0,0,"CL4,CP2"
f403c19c-0541-4b70-863d-f2a169b62980,https://bertonline.sharepoint.com/sites/sss01,08/18/2020 09:17:00,SITEPAGEPUBLISHING#0,,0,0,1,5,0,0,0,0,0,0,10,0,0,0,0,0,CL4
f403c19c-0541-4b70-863d-f2a169b62980,https://bertonline.sharepoint.com/sites/sts0,02/17/2021 18:48:23,STS#0,,0,0,0,5,2,2,0,0,0,0,0,0,0,0,0,0,CP2
f403c19c-0541-4b70-863d-f2a169b62980,https://bertonline.sharepoint.com/sites/sts0_1,02/17/2021 18:56:08,STS#0,,0,0,0,5,2,2,0,0,0,0,0,0,0,0,0,0,CP2
f403c19c-0541-4b70-863d-f2a169b62980,https://bertonline.sharepoint.com/sites/sts0site,06/20/2019 07:10:09,STS#0,,0,0,0,5,2,2,0,0,0,0,1,0,0,0,0,0,CP2
f403c19c-0541-4b70-863d-f2a169b62980,https://bertonline.sharepoint.com/sites/sts3demo,12/20/2018 07:33:53,STS#3,,0,0,0,5,0,0,0,0,0,0,1,0,0,0,0,0,
f403c19c-0541-4b70-863d-f2a169b62980,https://bertonline.sharepoint.com/sites/sts3test,02/08/2019 09:10:21,STS#3,,0,0,0,5,0,0,0,0,0,0,1,0,0,0,0,0,
f403c19c-0541-4b70-863d-f2a169b62980,https://bertonline.sharepoint.com/sites/syntexcontentcenter005,12/07/2021 11:51:59,CONTENTCTR#0,,0,0,0,9,0,0,0,0,0,0,6,0,0,0,0,0,
f403c19c-0541-4b70-863d-f2a169b62980,https://bertonline.sharepoint.com/sites/syntexcontentcenter1101,01/11/2022 08:51:16,CONTENTCTR#0,,0,0,0,9,0,0,0,0,0,0,6,0,0,0,0,0,
f403c19c-0541-4b70-863d-f2a169b62980,https://bertonline.sharepoint.com/sites/teamify1,06/15/2020 16:07:53,GROUP#0,,0,0,0,5,0,0,0,0,0,0,1,0,0,0,0,0,
f403c19c-0541-4b70-863d-f2a169b62980,https://bertonline.sharepoint.com/sites/teamsitedemo,11/07/2017 16:51:15,STS#0,,0,0,0,6,2,2,0,0,0,0,0,0,0,0,0,0,CP2
f403c19c-0541-4b70-863d-f2a169b62980,https://bertonline.sharepoint.com/sites/teamsitemodernizationtemplate,05/14/2019 10:30:20,STS#0,,0,0,2,5,5,4,0,0,1,0,0,0,0,2,0,0,"CE9,CL2,CL3,CP2,CP1"
f403c19c-0541-4b70-863d-f2a169b62980,https://bertonline.sharepoint.com/sites/temp2,02/11/2021 10:34:57,STS#0,STS#0,3,3,9,19,12,12,0,0,0,0,2,3,0,0,0,0,"CL1,CL4,CP2,WF1"
f403c19c-0541-4b70-863d-f2a169b62980,https://bertonline.sharepoint.com/sites/temp3,03/18/2022 07:56:46,STS#0,STS#0,1,1,4,10,4,4,0,0,0,0,2,10,0,0,0,0,"CL1,CL4,CP2,WF1"
f403c19c-0541-4b70-863d-f2a169b62980,https://bertonline.sharepoint.com/sites/templateBDR0,11/28/2019 20:45:57,BDR#0,,0,0,4,5,0,0,0,0,0,0,0,0,0,0,0,0,"CL5,CL3,CL4"
f403c19c-0541-4b70-863d-f2a169b62980,https://bertonline.sharepoint.com/sites/templateBICENTERSITE0,11/29/2019 08:06:58,BICENTERSITE#0,,0,0,7,5,0,0,0,0,0,0,0,0,0,0,0,0,"CL4,CL3,CL5"
f403c19c-0541-4b70-863d-f2a169b62980,https://bertonline.sharepoint.com/sites/templateBLANKINTERNETCONTAINER0,11/28/2019 22:04:40,BLANKINTERNET#0,,0,0,5,5,2,0,0,0,0,2,0,0,0,0,0,0,"CS2,CL3,CL5,CL4,CP4"
f403c19c-0541-4b70-863d-f2a169b62980,https://bertonline.sharepoint.com/sites/templateBLOG0,11/28/2019 19:13:00,BLOG#0,,0,0,3,3,1,0,0,1,0,0,0,0,0,0,0,0,"CS1,CL4,CP4"
f403c19c-0541-4b70-863d-f2a169b62980,https://bertonline.sharepoint.com/sites/templateCMSPUBLISHING0,01/10/2020 08:40:55,BLANKINTERNET#0,BLANKINTERNET#0,1,1,8,6,3,0,0,0,0,3,0,0,0,0,0,0,"CS2,CL3,CL5,CL4,CP4"
f403c19c-0541-4b70-863d-f2a169b62980,https://bertonline.sharepoint.com/sites/templateCOMMUNITY0,01/10/2020 09:00:44,COMMUNITY#0,,0,0,3,4,6,6,0,0,0,0,0,0,0,0,0,0,"CL4,CP2"
f403c19c-0541-4b70-863d-f2a169b62980,https://bertonline.sharepoint.com/sites/templateCOMMUNITYPORTAL0,01/10/2020 09:02:23,COMMUNITYPORTAL#0,,0,0,0,2,0,0,0,0,0,0,0,0,0,0,0,0,
f403c19c-0541-4b70-863d-f2a169b62980,https://bertonline.sharepoint.com/sites/templateDEV0,11/28/2019 21:07:35,STS#0,,0,0,1,6,3,3,0,0,0,0,0,0,0,0,0,0,"CL4,CP2"
f403c19c-0541-4b70-863d-f2a169b62980,https://bertonline.sharepoint.com/sites/templateEHS1,11/28/2019 21:49:52,STS#0,,0,0,0,5,2,2,0,0,0,0,0,0,0,0,0,0,CP2
f403c19c-0541-4b70-863d-f2a169b62980,https://bertonline.sharepoint.com/sites/templateENTERWIKI0,01/10/2020 08:48:24,ENTERWIKI#0,,0,0,5,5,0,0,0,0,0,0,0,0,0,0,0,0,"CL3,CL5,CL4"
f403c19c-0541-4b70-863d-f2a169b62980,https://bertonline.sharepoint.com/sites/templateGROUP0,05/22/2019 17:25:44,GROUP#0,,0,0,0,5,0,0,0,0,0,0,1,0,0,0,0,0,
f403c19c-0541-4b70-863d-f2a169b62980,https://bertonline.sharepoint.com/sites/templateOFFILE1,11/28/2019 21:40:33,OFFILE#1,,0,0,2,2,0,0,0,0,0,0,0,0,0,0,0,0,CL4
f403c19c-0541-4b70-863d-f2a169b62980,https://bertonline.sharepoint.com/sites/templatePROJECTSITE0,01/10/2020 08:56:03,PROJECTSITE#0,,0,0,2,4,0,0,0,0,0,0,0,0,0,0,0,0,CL4
f403c19c-0541-4b70-863d-f2a169b62980,https://bertonline.sharepoint.com/sites/templateSITEPAGEPUBLISHING0,09/20/2021 08:25:31,SITEPAGEPUBLISHING#0,,0,0,1,4,0,0,0,0,0,0,1,0,0,0,0,0,CL4
f403c19c-0541-4b70-863d-f2a169b62980,https://bertonline.sharepoint.com/sites/templateSRCHCEN0,11/29/2019 08:26:04,SRCHCEN#0,,0,0,7,5,8,0,0,0,0,8,0,0,0,0,0,0,"CL3,CL5,CL4,CP4"
f403c19c-0541-4b70-863d-f2a169b62980,https://bertonline.sharepoint.com/sites/templateSRCHCENTERLITE0,01/10/2020 09:04:06,SRCHCENTERLITE#0,,0,0,2,2,0,0,0,0,0,0,0,0,0,0,0,0,CL4
f403c19c-0541-4b70-863d-f2a169b62980,https://bertonline.sharepoint.com/sites/templateSTS0,09/20/2021 08:31:17,STS#0,,0,0,0,5,2,2,0,0,0,0,0,0,0,0,0,0,CP2
f403c19c-0541-4b70-863d-f2a169b62980,https://bertonline.sharepoint.com/sites/templateSTS3,09/20/2021 08:31:59,STS#3,,0,0,0,5,0,0,0,0,0,0,1,0,0,0,0,0,
f403c19c-0541-4b70-863d-f2a169b62980,https://bertonline.sharepoint.com/sites/templateVISPRUS0,01/10/2020 09:06:55,VISPRUS#0,,0,0,1,2,0,0,0,0,0,0,0,0,0,0,0,0,CL4
f403c19c-0541-4b70-863d-f2a169b62980,https://bertonline.sharepoint.com/sites/test,12/13/2018 07:34:36,STS#0,ACCSRV#0,1,1,2,8,2,2,0,0,0,0,2,0,0,0,0,0,"CP2,CL4"
f403c19c-0541-4b70-863d-f2a169b62980,https://bertonline.sharepoint.com/sites/testdoccenter,12/03/2017 14:24:47,BDR#0,,0,0,4,6,0,0,0,0,0,0,0,0,0,0,0,0,"CL5,CL3,CL4"
f403c19c-0541-4b70-863d-f2a169b62980,https://bertonline.sharepoint.com/sites/testprojectsite,09/28/2017 18:29:48,PROJECTSITE#0,,0,0,2,4,0,0,0,0,0,0,0,0,0,0,0,0,CL4
f403c19c-0541-4b70-863d-f2a169b62980,https://bertonline.sharepoint.com/sites/testpubportal,06/18/2018 15:54:15,BLANKINTERNET#0,,0,0,5,6,5,0,0,0,0,5,0,0,0,0,0,0,"CS2,CL3,CL5,CL4,CP4"
f403c19c-0541-4b70-863d-f2a169b62980,https://bertonline.sharepoint.com/sites/todelete1,10/24/2022 09:14:52,SITEPAGEPUBLISHING#0,,0,0,1,4,0,0,0,0,0,0,1,0,0,0,0,0,CL4
f403c19c-0541-4b70-863d-f2a169b62980,https://bertonline.sharepoint.com/sites/todeletedemo,12/20/2018 07:18:13,SITEPAGEPUBLISHING#0,,0,0,1,4,0,0,0,0,0,0,1,0,0,0,0,0,CL4
f403c19c-0541-4b70-863d-f2a169b62980,https://bertonline.sharepoint.com/sites/uiscannermodernteam,07/11/2017 11:03:51,GROUP#0,,0,0,0,7,0,0,0,0,0,0,2,0,0,0,0,0,
f403c19c-0541-4b70-863d-f2a169b62980,https://bertonline.sharepoint.com/sites/uiscannerportal,03/15/2017 14:43:38,BLANKINTERNET#0,,0,0,5,5,2,0,0,0,0,2,0,0,0,0,0,0,"CS2,CL3,CL5,CL4,CP4"
f403c19c-0541-4b70-863d-f2a169b62980,https://bertonline.sharepoint.com/sites/uiscannerteam,03/15/2017 14:46:43,STS#0,,0,0,0,5,2,2,0,0,0,0,0,0,0,0,0,0,CP2
f403c19c-0541-4b70-863d-f2a169b62980,https://bertonline.sharepoint.com/sites/uiscannerteamwithpublishing,03/15/2017 15:35:43,STS#0,,0,0,5,7,3,2,0,0,0,1,0,0,0,0,0,0,"CL3,CL5,CL4,CP4,CP2"
f403c19c-0541-4b70-863d-f2a169b62980,https://bertonline.sharepoint.com/sites/unallowedaakkoset333,03/28/2022 18:39:47,GROUP#0,,0,0,0,5,0,0,0,0,0,0,1,0,0,0,0,0,
f403c19c-0541-4b70-863d-f2a169b62980,https://bertonline.sharepoint.com/sites/unallowedaakkoset761,12/23/2022 10:21:58,GROUP#0,,0,0,0,5,0,0,0,0,0,0,1,0,0,0,0,0,
f403c19c-0541-4b70-863d-f2a169b62980,https://bertonline.sharepoint.com/sites/webhookdemo,05/09/2017 08:02:40,STS#0,,0,0,0,6,2,2,0,0,0,0,1,0,0,0,0,0,CP2
