WebUrlAbsolute,StartDate,EndDate,ScanDuration,Status,Template,ScanId,SiteUrl,WebUrl
https://m365x65833888.sharepoint.com/,05/23/2022 10:59:13,05/23/2022 11:00:00,47,Finished,SITEPAGEPUBLISHING#0,275d7836-08e8-4e6f-a231-ae58aeede2ae,https://m365x65833888.sharepoint.com/,/
https://m365x65833888.sharepoint.com/search,05/23/2022 10:59:30,05/23/2022 10:59:33,2,Finished,SRCHCENTERLITE#0,275d7836-08e8-4e6f-a231-ae58aeede2ae,https://m365x65833888.sharepoint.com/search,/
https://m365x65833888.sharepoint.com/sites/AIIMContentCenter,05/23/2022 11:00:16,05/23/2022 11:00:20,3,Finished,CONTENTCTR#0,275d7836-08e8-4e6f-a231-ae58aeede2ae,https://m365x65833888.sharepoint.com/sites/AIIMContentCenter,/
https://m365x65833888.sharepoint.com/sites/Communications,05/23/2022 10:59:42,05/23/2022 10:59:45,3,Finished,GROUP#0,275d7836-08e8-4e6f-a231-ae58aeede2ae,https://m365x65833888.sharepoint.com/sites/Communications,/
https://m365x65833888.sharepoint.com/sites/ContentCenter,05/23/2022 11:00:12,05/23/2022 11:00:16,3,Finished,CONTENTCTR#0,275d7836-08e8-4e6f-a231-ae58aeede2ae,https://m365x65833888.sharepoint.com/sites/ContentCenter,/
https://m365x65833888.sharepoint.com/sites/Contoso,05/23/2022 10:59:34,05/23/2022 10:59:37,3,Finished,GROUP#0,275d7836-08e8-4e6f-a231-ae58aeede2ae,https://m365x65833888.sharepoint.com/sites/Contoso,/
https://m365x65833888.sharepoint.com/sites/ContosoBrand,05/23/2022 10:59:51,05/23/2022 10:59:55,3,Finished,SITEPAGEPUBLISHING#0,275d7836-08e8-4e6f-a231-ae58aeede2ae,https://m365x65833888.sharepoint.com/sites/ContosoBrand,/
https://m365x65833888.sharepoint.com/sites/ContosoDocs,05/23/2022 11:00:14,05/23/2022 11:00:22,8,Finished,GROUP#0,275d7836-08e8-4e6f-a231-ae58aeede2ae,https://m365x65833888.sharepoint.com/sites/ContosoDocs,/
https://m365x65833888.sharepoint.com/sites/ContosoNews,05/23/2022 10:59:50,05/23/2022 10:59:54,3,Finished,SITEPAGEPUBLISHING#0,275d7836-08e8-4e6f-a231-ae58aeede2ae,https://m365x65833888.sharepoint.com/sites/ContosoNews,/
https://m365x65833888.sharepoint.com/sites/ContosoWorks,05/23/2022 11:00:02,05/23/2022 11:00:07,4,Finished,SITEPAGEPUBLISHING#0,275d7836-08e8-4e6f-a231-ae58aeede2ae,https://m365x65833888.sharepoint.com/sites/ContosoWorks,/
https://m365x65833888.sharepoint.com/sites/Contosomarketing,05/23/2022 10:59:46,05/23/2022 10:59:49,3,Finished,GROUP#0,275d7836-08e8-4e6f-a231-ae58aeede2ae,https://m365x65833888.sharepoint.com/sites/Contosomarketing,/
https://m365x65833888.sharepoint.com/sites/Design,05/23/2022 10:59:42,05/23/2022 10:59:45,3,Finished,GROUP#0,275d7836-08e8-4e6f-a231-ae58aeede2ae,https://m365x65833888.sharepoint.com/sites/Design,/
https://m365x65833888.sharepoint.com/sites/DigitalInitiativePublicRelations,05/23/2022 10:59:26,05/23/2022 10:59:29,3,Finished,GROUP#0,275d7836-08e8-4e6f-a231-ae58aeede2ae,https://m365x65833888.sharepoint.com/sites/DigitalInitiativePublicRelations,/
https://m365x65833888.sharepoint.com/sites/FinanceContentCenter,05/23/2022 11:00:16,05/23/2022 11:00:19,3,Finished,CONTENTCTR#0,275d7836-08e8-4e6f-a231-ae58aeede2ae,https://m365x65833888.sharepoint.com/sites/FinanceContentCenter,/
https://m365x65833888.sharepoint.com/sites/FlySafeConference,05/23/2022 11:00:06,05/23/2022 11:00:10,3,Finished,SITEPAGEPUBLISHING#0,275d7836-08e8-4e6f-a231-ae58aeede2ae,https://m365x65833888.sharepoint.com/sites/FlySafeConference,/
https://m365x65833888.sharepoint.com/sites/GlobalMarketing,05/23/2022 10:59:58,05/23/2022 11:00:01,3,Finished,SITEPAGEPUBLISHING#0,275d7836-08e8-4e6f-a231-ae58aeede2ae,https://m365x65833888.sharepoint.com/sites/GlobalMarketing,/
https://m365x65833888.sharepoint.com/sites/GlobalSales,05/23/2022 11:00:00,05/23/2022 11:00:04,3,Finished,SITEPAGEPUBLISHING#0,275d7836-08e8-4e6f-a231-ae58aeede2ae,https://m365x65833888.sharepoint.com/sites/GlobalSales,/
https://m365x65833888.sharepoint.com/sites/HRContentCenter,05/23/2022 10:59:37,05/23/2022 10:59:41,4,Finished,CONTENTCTR#0,275d7836-08e8-4e6f-a231-ae58aeede2ae,https://m365x65833888.sharepoint.com/sites/HRContentCenter,/
https://m365x65833888.sharepoint.com/sites/HumanResources,05/23/2022 11:00:10,05/23/2022 11:00:16,5,Finished,SITEPAGEPUBLISHING#0,275d7836-08e8-4e6f-a231-ae58aeede2ae,https://m365x65833888.sharepoint.com/sites/HumanResources,/
https://m365x65833888.sharepoint.com/sites/Learning,05/23/2022 10:59:36,05/23/2022 10:59:40,3,Finished,SITEPAGEPUBLISHING#0,275d7836-08e8-4e6f-a231-ae58aeede2ae,https://m365x65833888.sharepoint.com/sites/Learning,/
https://m365x65833888.sharepoint.com/sites/Mark8ProjectTeam,05/23/2022 10:59:20,05/23/2022 10:59:23,3,Finished,GROUP#0,275d7836-08e8-4e6f-a231-ae58aeede2ae,https://m365x65833888.sharepoint.com/sites/Mark8ProjectTeam,/
https://m365x65833888.sharepoint.com/sites/ProjectFalcon-UXtest,05/23/2022 11:00:11,05/23/2022 11:00:15,3,Finished,SITEPAGEPUBLISHING#0,275d7836-08e8-4e6f-a231-ae58aeede2ae,https://m365x65833888.sharepoint.com/sites/ProjectFalcon-UXtest,/
https://m365x65833888.sharepoint.com/sites/Remoteliving,05/23/2022 10:59:46,05/23/2022 10:59:50,3,Finished,GROUP#0,275d7836-08e8-4e6f-a231-ae58aeede2ae,https://m365x65833888.sharepoint.com/sites/Remoteliving,/
https://m365x65833888.sharepoint.com/sites/Retail,05/23/2022 10:59:24,05/23/2022 10:59:30,6,Finished,GROUP#0,275d7836-08e8-4e6f-a231-ae58aeede2ae,https://m365x65833888.sharepoint.com/sites/Retail,/
https://m365x65833888.sharepoint.com/sites/RetailOperations,05/23/2022 11:00:01,05/23/2022 11:00:05,4,Finished,SITEPAGEPUBLISHING#0,275d7836-08e8-4e6f-a231-ae58aeede2ae,https://m365x65833888.sharepoint.com/sites/RetailOperations,/
https://m365x65833888.sharepoint.com/sites/SEFContentCenter,05/23/2022 11:00:20,05/23/2022 11:00:23,3,Finished,CONTENTCTR#0,275d7836-08e8-4e6f-a231-ae58aeede2ae,https://m365x65833888.sharepoint.com/sites/SEFContentCenter,/
https://m365x65833888.sharepoint.com/sites/SOCTeam,05/23/2022 10:59:41,05/23/2022 10:59:49,8,Finished,GROUP#0,275d7836-08e8-4e6f-a231-ae58aeede2ae,https://m365x65833888.sharepoint.com/sites/SOCTeam,/
https://m365x65833888.sharepoint.com/sites/SalesAndMarketing,05/23/2022 10:59:19,05/23/2022 10:59:25,5,Finished,GROUP#0,275d7836-08e8-4e6f-a231-ae58aeede2ae,https://m365x65833888.sharepoint.com/sites/SalesAndMarketing,/
https://m365x65833888.sharepoint.com/sites/ThePerspective,05/23/2022 11:00:05,05/23/2022 11:00:09,4,Finished,SITEPAGEPUBLISHING#0,275d7836-08e8-4e6f-a231-ae58aeede2ae,https://m365x65833888.sharepoint.com/sites/ThePerspective,/
https://m365x65833888.sharepoint.com/sites/TopicCenter,05/23/2022 10:59:38,05/23/2022 10:59:41,2,Finished,SITEPAGEPUBLISHING#0,275d7836-08e8-4e6f-a231-ae58aeede2ae,https://m365x65833888.sharepoint.com/sites/TopicCenter,/
https://m365x65833888.sharepoint.com/sites/USSales,05/23/2022 10:59:28,05/23/2022 10:59:32,4,Finished,GROUP#0,275d7836-08e8-4e6f-a231-ae58aeede2ae,https://m365x65833888.sharepoint.com/sites/USSales,/
https://m365x65833888.sharepoint.com/sites/aiim2022,05/23/2022 11:00:16,05/23/2022 11:00:22,5,Finished,GROUP#0,275d7836-08e8-4e6f-a231-ae58aeede2ae,https://m365x65833888.sharepoint.com/sites/aiim2022,/
https://m365x65833888.sharepoint.com/sites/askhr,05/23/2022 11:00:23,05/23/2022 11:00:32,8,Finished,GROUP#0,275d7836-08e8-4e6f-a231-ae58aeede2ae,https://m365x65833888.sharepoint.com/sites/askhr,/
https://m365x65833888.sharepoint.com/sites/benefits,05/23/2022 11:00:01,05/23/2022 11:00:05,3,Finished,SITEPAGEPUBLISHING#0,275d7836-08e8-4e6f-a231-ae58aeede2ae,https://m365x65833888.sharepoint.com/sites/benefits,/
https://m365x65833888.sharepoint.com/sites/ceoconnection,05/23/2022 11:00:07,05/23/2022 11:00:11,4,Finished,GROUP#0,275d7836-08e8-4e6f-a231-ae58aeede2ae,https://m365x65833888.sharepoint.com/sites/ceoconnection,/
https://m365x65833888.sharepoint.com/sites/contentTypeHub,05/23/2022 10:59:33,05/23/2022 10:59:36,3,Finished,STS#3,275d7836-08e8-4e6f-a231-ae58aeede2ae,https://m365x65833888.sharepoint.com/sites/contentTypeHub,/
https://m365x65833888.sharepoint.com/sites/contosolife,05/23/2022 10:59:19,05/23/2022 10:59:23,3,Finished,GROUP#0,275d7836-08e8-4e6f-a231-ae58aeede2ae,https://m365x65833888.sharepoint.com/sites/contosolife,/
https://m365x65833888.sharepoint.com/sites/contosoteam,05/23/2022 10:59:24,05/23/2022 10:59:27,3,Finished,GROUP#0,275d7836-08e8-4e6f-a231-ae58aeede2ae,https://m365x65833888.sharepoint.com/sites/contosoteam,/
https://m365x65833888.sharepoint.com/sites/droneproducttraining,05/23/2022 11:00:08,05/23/2022 11:00:13,4,Finished,SITEPAGEPUBLISHING#0,275d7836-08e8-4e6f-a231-ae58aeede2ae,https://m365x65833888.sharepoint.com/sites/droneproducttraining,/
https://m365x65833888.sharepoint.com/sites/give,05/23/2022 10:59:54,05/23/2022 10:59:57,2,Finished,SITEPAGEPUBLISHING#0,275d7836-08e8-4e6f-a231-ae58aeede2ae,https://m365x65833888.sharepoint.com/sites/give,/
https://m365x65833888.sharepoint.com/sites/leadership,05/23/2022 10:59:31,05/23/2022 10:59:35,4,Finished,GROUP#0,275d7836-08e8-4e6f-a231-ae58aeede2ae,https://m365x65833888.sharepoint.com/sites/leadership,/
https://m365x65833888.sharepoint.com/sites/leadership-connection,05/23/2022 10:59:56,05/23/2022 11:00:00,4,Finished,SITEPAGEPUBLISHING#0,275d7836-08e8-4e6f-a231-ae58aeede2ae,https://m365x65833888.sharepoint.com/sites/leadership-connection,/
https://m365x65833888.sharepoint.com/sites/newemployeeonboarding,05/23/2022 10:59:13,05/23/2022 10:59:19,6,Finished,GROUP#0,275d7836-08e8-4e6f-a231-ae58aeede2ae,https://m365x65833888.sharepoint.com/sites/newemployeeonboarding,/
https://m365x65833888.sharepoint.com/sites/office365adoption,05/23/2022 11:00:20,05/23/2022 11:00:24,4,Finished,GROUP#0,275d7836-08e8-4e6f-a231-ae58aeede2ae,https://m365x65833888.sharepoint.com/sites/office365adoption,/
https://m365x65833888.sharepoint.com/sites/operations,05/23/2022 10:59:50,05/23/2022 10:59:59,8,Finished,GROUP#0,275d7836-08e8-4e6f-a231-ae58aeede2ae,https://m365x65833888.sharepoint.com/sites/operations,/
https://m365x65833888.sharepoint.com/sites/parentsofcontoso,05/23/2022 10:59:12,05/23/2022 10:59:18,5,Finished,GROUP#0,275d7836-08e8-4e6f-a231-ae58aeede2ae,https://m365x65833888.sharepoint.com/sites/parentsofcontoso,/
https://m365x65833888.sharepoint.com/sites/safety,05/23/2022 10:59:12,05/23/2022 10:59:18,5,Finished,GROUP#0,275d7836-08e8-4e6f-a231-ae58aeede2ae,https://m365x65833888.sharepoint.com/sites/safety,/
https://m365x65833888.sharepoint.com/sites/salesbestpractices,05/23/2022 11:00:23,05/23/2022 11:00:26,3,Finished,GROUP#0,275d7836-08e8-4e6f-a231-ae58aeede2ae,https://m365x65833888.sharepoint.com/sites/salesbestpractices,/
