ScanId,SiteUrl,StartDate,EndDate,ScanDuration,Status
49672731-78d8-45ea-9a16-113d06d9f5c4,https://bertonline.sharepoint.com/,04/28/2025 20:02:31,04/28/2025 20:02:32,0,Finished
49672731-78d8-45ea-9a16-113d06d9f5c4,https://bertonline.sharepoint.com/search,04/28/2025 20:02:42,04/28/2025 20:02:43,0,Finished
49672731-78d8-45ea-9a16-113d06d9f5c4,https://bertonline.sharepoint.com/sites/130021,04/28/2025 20:02:21,04/28/2025 20:02:23,2,Finished
49672731-78d8-45ea-9a16-113d06d9f5c4,https://bertonline.sharepoint.com/sites/130023,04/28/2025 20:02:25,04/28/2025 20:02:26,0,Finished
49672731-78d8-45ea-9a16-113d06d9f5c4,https://bertonline.sharepoint.com/sites/130024,04/28/2025 20:02:33,04/28/2025 20:02:34,0,Finished
49672731-78d8-45ea-9a16-113d06d9f5c4,https://bertonline.sharepoint.com/sites/130025,04/28/2025 20:02:45,04/28/2025 20:02:46,0,Finished
49672731-78d8-45ea-9a16-113d06d9f5c4,https://bertonline.sharepoint.com/sites/130026,04/28/2025 20:02:54,04/28/2025 20:02:55,0,Finished
49672731-78d8-45ea-9a16-113d06d9f5c4,https://bertonline.sharepoint.com/sites/130027,04/28/2025 20:02:23,04/28/2025 20:02:25,2,Finished
49672731-78d8-45ea-9a16-113d06d9f5c4,https://bertonline.sharepoint.com/sites/130032,04/28/2025 20:02:27,04/28/2025 20:02:28,0,Finished
49672731-78d8-45ea-9a16-113d06d9f5c4,https://bertonline.sharepoint.com/sites/130033,04/28/2025 20:02:38,04/28/2025 20:02:39,0,Finished
49672731-78d8-45ea-9a16-113d06d9f5c4,https://bertonline.sharepoint.com/sites/130034,04/28/2025 20:02:54,04/28/2025 20:02:55,0,Finished
49672731-78d8-45ea-9a16-113d06d9f5c4,https://bertonline.sharepoint.com/sites/130035,04/28/2025 20:02:37,04/28/2025 20:02:38,0,Finished
49672731-78d8-45ea-9a16-113d06d9f5c4,https://bertonline.sharepoint.com/sites/130036,04/28/2025 20:02:43,04/28/2025 20:02:44,0,Finished
49672731-78d8-45ea-9a16-113d06d9f5c4,https://bertonline.sharepoint.com/sites/130037,04/28/2025 20:02:31,04/28/2025 20:02:32,0,Finished
49672731-78d8-45ea-9a16-113d06d9f5c4,https://bertonline.sharepoint.com/sites/130038,04/28/2025 20:02:40,04/28/2025 20:02:41,0,Finished
49672731-78d8-45ea-9a16-113d06d9f5c4,https://bertonline.sharepoint.com/sites/130039,04/28/2025 20:02:43,04/28/2025 20:02:44,0,Finished
49672731-78d8-45ea-9a16-113d06d9f5c4,https://bertonline.sharepoint.com/sites/130041,04/28/2025 20:03:29,04/28/2025 20:03:30,1,Finished
49672731-78d8-45ea-9a16-113d06d9f5c4,https://bertonline.sharepoint.com/sites/130042,04/28/2025 20:02:35,04/28/2025 20:02:36,0,Finished
49672731-78d8-45ea-9a16-113d06d9f5c4,https://bertonline.sharepoint.com/sites/130043,04/28/2025 20:02:33,04/28/2025 20:02:34,0,Finished
49672731-78d8-45ea-9a16-113d06d9f5c4,https://bertonline.sharepoint.com/sites/130044,04/28/2025 20:02:44,04/28/2025 20:02:45,0,Finished
49672731-78d8-45ea-9a16-113d06d9f5c4,https://bertonline.sharepoint.com/sites/130045,04/28/2025 20:01:50,04/28/2025 20:01:50,0,Finished
49672731-78d8-45ea-9a16-113d06d9f5c4,https://bertonline.sharepoint.com/sites/130046,04/28/2025 20:02:41,04/28/2025 20:02:42,0,Finished
49672731-78d8-45ea-9a16-113d06d9f5c4,https://bertonline.sharepoint.com/sites/130047,04/28/2025 20:02:46,04/28/2025 20:02:46,0,Finished
49672731-78d8-45ea-9a16-113d06d9f5c4,https://bertonline.sharepoint.com/sites/130048,04/28/2025 20:02:55,04/28/2025 20:03:03,7,Finished
49672731-78d8-45ea-9a16-113d06d9f5c4,https://bertonline.sharepoint.com/sites/130049,04/28/2025 20:01:50,04/28/2025 20:02:25,34,Finished
49672731-78d8-45ea-9a16-113d06d9f5c4,https://bertonline.sharepoint.com/sites/130050,04/28/2025 20:02:37,04/28/2025 20:02:38,0,Finished
49672731-78d8-45ea-9a16-113d06d9f5c4,https://bertonline.sharepoint.com/sites/130051,04/28/2025 20:02:35,04/28/2025 20:02:36,0,Finished
49672731-78d8-45ea-9a16-113d06d9f5c4,https://bertonline.sharepoint.com/sites/130052,04/28/2025 20:02:46,04/28/2025 20:02:47,0,Finished
49672731-78d8-45ea-9a16-113d06d9f5c4,https://bertonline.sharepoint.com/sites/130053,04/28/2025 20:03:28,04/28/2025 20:03:29,0,Finished
49672731-78d8-45ea-9a16-113d06d9f5c4,https://bertonline.sharepoint.com/sites/130054,04/28/2025 20:02:40,04/28/2025 20:02:41,0,Finished
49672731-78d8-45ea-9a16-113d06d9f5c4,https://bertonline.sharepoint.com/sites/130055,04/28/2025 20:02:25,04/28/2025 20:02:26,0,Finished
49672731-78d8-45ea-9a16-113d06d9f5c4,https://bertonline.sharepoint.com/sites/130056,04/28/2025 20:01:50,04/28/2025 20:01:55,5,Finished
49672731-78d8-45ea-9a16-113d06d9f5c4,https://bertonline.sharepoint.com/sites/130057,04/28/2025 20:02:41,04/28/2025 20:02:41,0,Finished
49672731-78d8-45ea-9a16-113d06d9f5c4,https://bertonline.sharepoint.com/sites/130058,04/28/2025 20:02:30,04/28/2025 20:02:30,0,Finished
49672731-78d8-45ea-9a16-113d06d9f5c4,https://bertonline.sharepoint.com/sites/130059,04/28/2025 20:02:33,04/28/2025 20:02:33,0,Finished
49672731-78d8-45ea-9a16-113d06d9f5c4,https://bertonline.sharepoint.com/sites/130060,04/28/2025 20:03:33,04/28/2025 20:03:34,1,Finished
49672731-78d8-45ea-9a16-113d06d9f5c4,https://bertonline.sharepoint.com/sites/130061,04/28/2025 20:01:48,04/28/2025 20:01:49,0,Finished
49672731-78d8-45ea-9a16-113d06d9f5c4,https://bertonline.sharepoint.com/sites/130062,04/28/2025 20:02:14,04/28/2025 20:02:21,7,Finished
49672731-78d8-45ea-9a16-113d06d9f5c4,https://bertonline.sharepoint.com/sites/130063,04/28/2025 20:02:48,04/28/2025 20:02:49,0,Finished
49672731-78d8-45ea-9a16-113d06d9f5c4,https://bertonline.sharepoint.com/sites/130064,04/28/2025 20:02:45,04/28/2025 20:02:46,0,Finished
49672731-78d8-45ea-9a16-113d06d9f5c4,https://bertonline.sharepoint.com/sites/130065,04/28/2025 20:02:40,04/28/2025 20:02:41,0,Finished
49672731-78d8-45ea-9a16-113d06d9f5c4,https://bertonline.sharepoint.com/sites/130066,04/28/2025 20:02:34,04/28/2025 20:02:35,0,Finished
49672731-78d8-45ea-9a16-113d06d9f5c4,https://bertonline.sharepoint.com/sites/130067,04/28/2025 20:03:28,04/28/2025 20:03:28,0,Finished
49672731-78d8-45ea-9a16-113d06d9f5c4,https://bertonline.sharepoint.com/sites/130068,04/28/2025 20:02:39,04/28/2025 20:02:40,0,Finished
49672731-78d8-45ea-9a16-113d06d9f5c4,https://bertonline.sharepoint.com/sites/130069,04/28/2025 20:02:21,04/28/2025 20:02:22,0,Finished
49672731-78d8-45ea-9a16-113d06d9f5c4,https://bertonline.sharepoint.com/sites/130070,04/28/2025 20:02:35,04/28/2025 20:02:36,0,Finished
49672731-78d8-45ea-9a16-113d06d9f5c4,https://bertonline.sharepoint.com/sites/130071,04/28/2025 20:02:46,04/28/2025 20:02:47,0,Finished
49672731-78d8-45ea-9a16-113d06d9f5c4,https://bertonline.sharepoint.com/sites/130072,04/28/2025 20:02:33,04/28/2025 20:02:34,0,Finished
49672731-78d8-45ea-9a16-113d06d9f5c4,https://bertonline.sharepoint.com/sites/130073,04/28/2025 20:02:53,04/28/2025 20:02:54,0,Finished
49672731-78d8-45ea-9a16-113d06d9f5c4,https://bertonline.sharepoint.com/sites/130074,04/28/2025 20:01:44,04/28/2025 20:01:45,1,Finished
49672731-78d8-45ea-9a16-113d06d9f5c4,https://bertonline.sharepoint.com/sites/20140008,04/28/2025 20:01:56,04/28/2025 20:02:20,24,Finished
49672731-78d8-45ea-9a16-113d06d9f5c4,https://bertonline.sharepoint.com/sites/20140009,04/28/2025 20:02:38,04/28/2025 20:02:39,0,Finished
49672731-78d8-45ea-9a16-113d06d9f5c4,https://bertonline.sharepoint.com/sites/20140010,04/28/2025 20:03:29,04/28/2025 20:03:30,0,Finished
49672731-78d8-45ea-9a16-113d06d9f5c4,https://bertonline.sharepoint.com/sites/20140011,04/28/2025 20:02:42,04/28/2025 20:02:43,0,Finished
49672731-78d8-45ea-9a16-113d06d9f5c4,https://bertonline.sharepoint.com/sites/20140012,04/28/2025 20:02:42,04/28/2025 20:02:43,0,Finished
49672731-78d8-45ea-9a16-113d06d9f5c4,https://bertonline.sharepoint.com/sites/20140013,04/28/2025 20:03:27,04/28/2025 20:03:28,0,Finished
49672731-78d8-45ea-9a16-113d06d9f5c4,https://bertonline.sharepoint.com/sites/20140014,04/28/2025 20:02:47,04/28/2025 20:02:48,0,Finished
49672731-78d8-45ea-9a16-113d06d9f5c4,https://bertonline.sharepoint.com/sites/20140015,04/28/2025 20:03:29,04/28/2025 20:03:29,0,Finished
49672731-78d8-45ea-9a16-113d06d9f5c4,https://bertonline.sharepoint.com/sites/20140016,04/28/2025 20:01:44,04/28/2025 20:01:45,0,Finished
49672731-78d8-45ea-9a16-113d06d9f5c4,https://bertonline.sharepoint.com/sites/20140017,04/28/2025 20:03:28,04/28/2025 20:03:29,0,Finished
49672731-78d8-45ea-9a16-113d06d9f5c4,https://bertonline.sharepoint.com/sites/20140018,04/28/2025 20:02:36,04/28/2025 20:02:37,0,Finished
49672731-78d8-45ea-9a16-113d06d9f5c4,https://bertonline.sharepoint.com/sites/20140019,04/28/2025 20:02:29,04/28/2025 20:02:30,0,Finished
49672731-78d8-45ea-9a16-113d06d9f5c4,https://bertonline.sharepoint.com/sites/20140020,04/28/2025 20:02:47,04/28/2025 20:02:48,0,Finished
49672731-78d8-45ea-9a16-113d06d9f5c4,https://bertonline.sharepoint.com/sites/20140021,04/28/2025 20:02:42,04/28/2025 20:02:42,0,Finished
49672731-78d8-45ea-9a16-113d06d9f5c4,https://bertonline.sharepoint.com/sites/20140026,04/28/2025 20:02:51,04/28/2025 20:02:51,0,Finished
49672731-78d8-45ea-9a16-113d06d9f5c4,https://bertonline.sharepoint.com/sites/20140027,04/28/2025 20:02:29,04/28/2025 20:02:30,0,Finished
49672731-78d8-45ea-9a16-113d06d9f5c4,https://bertonline.sharepoint.com/sites/20140028,04/28/2025 20:02:41,04/28/2025 20:02:42,0,Finished
49672731-78d8-45ea-9a16-113d06d9f5c4,https://bertonline.sharepoint.com/sites/20140029,04/28/2025 20:02:45,04/28/2025 20:02:46,1,Finished
49672731-78d8-45ea-9a16-113d06d9f5c4,https://bertonline.sharepoint.com/sites/20140031,04/28/2025 20:02:36,04/28/2025 20:02:37,0,Finished
49672731-78d8-45ea-9a16-113d06d9f5c4,https://bertonline.sharepoint.com/sites/20140032,04/28/2025 20:02:46,04/28/2025 20:02:47,0,Finished
49672731-78d8-45ea-9a16-113d06d9f5c4,https://bertonline.sharepoint.com/sites/20140033,04/28/2025 20:02:21,04/28/2025 20:02:21,0,Finished
49672731-78d8-45ea-9a16-113d06d9f5c4,https://bertonline.sharepoint.com/sites/20140034,04/28/2025 20:01:50,04/28/2025 20:01:50,0,Finished
49672731-78d8-45ea-9a16-113d06d9f5c4,https://bertonline.sharepoint.com/sites/20140035,04/28/2025 20:03:29,04/28/2025 20:03:29,0,Finished
49672731-78d8-45ea-9a16-113d06d9f5c4,https://bertonline.sharepoint.com/sites/20140036,04/28/2025 20:02:48,04/28/2025 20:02:56,8,Finished
49672731-78d8-45ea-9a16-113d06d9f5c4,https://bertonline.sharepoint.com/sites/20140037,04/28/2025 20:01:47,04/28/2025 20:01:48,0,Finished
49672731-78d8-45ea-9a16-113d06d9f5c4,https://bertonline.sharepoint.com/sites/20140038,04/28/2025 20:03:32,04/28/2025 20:03:33,0,Finished
49672731-78d8-45ea-9a16-113d06d9f5c4,https://bertonline.sharepoint.com/sites/20140039,04/28/2025 20:03:31,04/28/2025 20:03:32,0,Finished
49672731-78d8-45ea-9a16-113d06d9f5c4,https://bertonline.sharepoint.com/sites/20140040,04/28/2025 20:02:37,04/28/2025 20:02:38,0,Finished
49672731-78d8-45ea-9a16-113d06d9f5c4,https://bertonline.sharepoint.com/sites/20140043,04/28/2025 20:02:20,04/28/2025 20:02:21,0,Finished
49672731-78d8-45ea-9a16-113d06d9f5c4,https://bertonline.sharepoint.com/sites/20140044,04/28/2025 20:02:41,04/28/2025 20:02:42,0,Finished
49672731-78d8-45ea-9a16-113d06d9f5c4,https://bertonline.sharepoint.com/sites/20140045,04/28/2025 20:03:30,04/28/2025 20:03:31,0,Finished
49672731-78d8-45ea-9a16-113d06d9f5c4,https://bertonline.sharepoint.com/sites/20140046,04/28/2025 20:02:37,04/28/2025 20:02:38,0,Finished
49672731-78d8-45ea-9a16-113d06d9f5c4,https://bertonline.sharepoint.com/sites/20140047,04/28/2025 20:01:49,04/28/2025 20:01:50,0,Finished
49672731-78d8-45ea-9a16-113d06d9f5c4,https://bertonline.sharepoint.com/sites/20140048,04/28/2025 20:01:47,04/28/2025 20:01:48,0,Finished
49672731-78d8-45ea-9a16-113d06d9f5c4,https://bertonline.sharepoint.com/sites/20140049,04/28/2025 20:02:41,04/28/2025 20:02:42,0,Finished
49672731-78d8-45ea-9a16-113d06d9f5c4,https://bertonline.sharepoint.com/sites/20140050,04/28/2025 20:02:26,04/28/2025 20:02:27,0,Finished
49672731-78d8-45ea-9a16-113d06d9f5c4,https://bertonline.sharepoint.com/sites/20140052,04/28/2025 20:01:46,04/28/2025 20:01:47,0,Finished
49672731-78d8-45ea-9a16-113d06d9f5c4,https://bertonline.sharepoint.com/sites/20140053,04/28/2025 20:02:28,04/28/2025 20:02:29,0,Finished
49672731-78d8-45ea-9a16-113d06d9f5c4,https://bertonline.sharepoint.com/sites/20140055,04/28/2025 20:03:13,04/28/2025 20:03:25,12,Finished
49672731-78d8-45ea-9a16-113d06d9f5c4,https://bertonline.sharepoint.com/sites/20140057,04/28/2025 20:01:47,04/28/2025 20:01:48,0,Finished
49672731-78d8-45ea-9a16-113d06d9f5c4,https://bertonline.sharepoint.com/sites/20140059,04/28/2025 20:02:39,04/28/2025 20:02:39,0,Finished
49672731-78d8-45ea-9a16-113d06d9f5c4,https://bertonline.sharepoint.com/sites/4f020b2a38344bc79fd431759272b48d,04/28/2025 20:02:30,04/28/2025 20:02:31,0,Finished
49672731-78d8-45ea-9a16-113d06d9f5c4,https://bertonline.sharepoint.com/sites/9231c444-f813-4d6b-96ef-ca39e7f897b5,04/28/2025 20:02:38,04/28/2025 20:02:38,0,Finished
49672731-78d8-45ea-9a16-113d06d9f5c4,https://bertonline.sharepoint.com/sites/ACSTest,04/28/2025 20:01:15,04/28/2025 20:01:16,1,Finished
49672731-78d8-45ea-9a16-113d06d9f5c4,https://bertonline.sharepoint.com/sites/AdminContentCenter,04/28/2025 20:01:33,04/28/2025 20:01:33,0,Finished
49672731-78d8-45ea-9a16-113d06d9f5c4,https://bertonline.sharepoint.com/sites/Alerts,04/28/2025 20:01:15,04/28/2025 20:01:16,1,Finished
49672731-78d8-45ea-9a16-113d06d9f5c4,https://bertonline.sharepoint.com/sites/BDO,04/28/2025 20:01:35,04/28/2025 20:01:36,0,Finished
49672731-78d8-45ea-9a16-113d06d9f5c4,https://bertonline.sharepoint.com/sites/BelgiumClassics,04/28/2025 20:02:54,04/28/2025 20:02:54,0,Finished
49672731-78d8-45ea-9a16-113d06d9f5c4,https://bertonline.sharepoint.com/sites/BrandGuide,04/28/2025 20:01:18,04/28/2025 20:01:19,0,Finished
49672731-78d8-45ea-9a16-113d06d9f5c4,https://bertonline.sharepoint.com/sites/CCTemp,04/28/2025 20:01:32,04/28/2025 20:01:33,0,Finished
49672731-78d8-45ea-9a16-113d06d9f5c4,https://bertonline.sharepoint.com/sites/CDN,04/28/2025 20:02:32,04/28/2025 20:02:33,0,Finished
49672731-78d8-45ea-9a16-113d06d9f5c4,https://bertonline.sharepoint.com/sites/CEPrototype,04/28/2025 20:01:32,04/28/2025 20:01:32,0,Finished
49672731-78d8-45ea-9a16-113d06d9f5c4,https://bertonline.sharepoint.com/sites/ClientSidePagesDevCommunicationSite,04/28/2025 20:02:26,04/28/2025 20:02:26,0,Finished
49672731-78d8-45ea-9a16-113d06d9f5c4,https://bertonline.sharepoint.com/sites/ClientSidePagesDevTeamSite,04/28/2025 20:02:35,04/28/2025 20:02:35,0,Finished
49672731-78d8-45ea-9a16-113d06d9f5c4,https://bertonline.sharepoint.com/sites/ContentCenter,04/28/2025 20:01:33,04/28/2025 20:01:34,0,Finished
49672731-78d8-45ea-9a16-113d06d9f5c4,https://bertonline.sharepoint.com/sites/ContractsManagement004,04/28/2025 20:01:28,04/28/2025 20:01:29,0,Finished
49672731-78d8-45ea-9a16-113d06d9f5c4,https://bertonline.sharepoint.com/sites/ContractsManagement0402,04/28/2025 20:01:27,04/28/2025 20:01:28,0,Finished
49672731-78d8-45ea-9a16-113d06d9f5c4,https://bertonline.sharepoint.com/sites/ContractsManagement1002,04/28/2025 20:01:27,04/28/2025 20:01:28,0,Finished
49672731-78d8-45ea-9a16-113d06d9f5c4,https://bertonline.sharepoint.com/sites/ContractsManagement1102,04/28/2025 20:01:27,04/28/2025 20:01:27,0,Finished
49672731-78d8-45ea-9a16-113d06d9f5c4,https://bertonline.sharepoint.com/sites/ContractsManagement1502,04/28/2025 20:01:26,04/28/2025 20:01:27,0,Finished
49672731-78d8-45ea-9a16-113d06d9f5c4,https://bertonline.sharepoint.com/sites/ContractsManagement2402,04/28/2025 20:01:26,04/28/2025 20:01:27,0,Finished
49672731-78d8-45ea-9a16-113d06d9f5c4,https://bertonline.sharepoint.com/sites/Cortex,04/28/2025 20:01:40,04/28/2025 20:01:40,0,Finished
49672731-78d8-45ea-9a16-113d06d9f5c4,https://bertonline.sharepoint.com/sites/Cycling01,04/28/2025 20:02:29,04/28/2025 20:02:30,0,Finished
49672731-78d8-45ea-9a16-113d06d9f5c4,https://bertonline.sharepoint.com/sites/DanToft01,04/28/2025 20:01:19,04/28/2025 20:01:20,0,Finished
49672731-78d8-45ea-9a16-113d06d9f5c4,https://bertonline.sharepoint.com/sites/DanToft02,04/28/2025 20:01:19,04/28/2025 20:01:20,0,Finished
49672731-78d8-45ea-9a16-113d06d9f5c4,https://bertonline.sharepoint.com/sites/Deloitte,04/28/2025 20:03:26,04/28/2025 20:03:27,0,Finished
49672731-78d8-45ea-9a16-113d06d9f5c4,https://bertonline.sharepoint.com/sites/DeltaTest2,04/28/2025 20:01:26,04/28/2025 20:01:26,0,Finished
49672731-78d8-45ea-9a16-113d06d9f5c4,https://bertonline.sharepoint.com/sites/DemoAon,04/28/2025 20:01:48,04/28/2025 20:01:49,0,Finished
49672731-78d8-45ea-9a16-113d06d9f5c4,https://bertonline.sharepoint.com/sites/DemoContentCenter,04/28/2025 20:01:32,04/28/2025 20:01:32,0,Finished
49672731-78d8-45ea-9a16-113d06d9f5c4,https://bertonline.sharepoint.com/sites/DemoGroup1,04/28/2025 20:01:44,04/28/2025 20:01:45,0,Finished
49672731-78d8-45ea-9a16-113d06d9f5c4,https://bertonline.sharepoint.com/sites/DutchModern,04/28/2025 20:01:35,04/28/2025 20:01:36,0,Finished
49672731-78d8-45ea-9a16-113d06d9f5c4,https://bertonline.sharepoint.com/sites/ECS2021,04/28/2025 20:01:29,04/28/2025 20:01:29,0,Finished
49672731-78d8-45ea-9a16-113d06d9f5c4,https://bertonline.sharepoint.com/sites/ECS2023,04/28/2025 20:01:23,04/28/2025 20:01:24,0,Finished
49672731-78d8-45ea-9a16-113d06d9f5c4,https://bertonline.sharepoint.com/sites/ECS2023-Demo2,04/28/2025 20:01:24,04/28/2025 20:01:25,0,Finished
49672731-78d8-45ea-9a16-113d06d9f5c4,https://bertonline.sharepoint.com/sites/ECS2024,04/28/2025 20:01:18,04/28/2025 20:01:19,0,Finished
49672731-78d8-45ea-9a16-113d06d9f5c4,https://bertonline.sharepoint.com/sites/ECS2024-2,04/28/2025 20:01:18,04/28/2025 20:01:19,0,Finished
49672731-78d8-45ea-9a16-113d06d9f5c4,https://bertonline.sharepoint.com/sites/ExtensionsDemo,04/28/2025 20:01:17,04/28/2025 20:01:18,0,Finished
49672731-78d8-45ea-9a16-113d06d9f5c4,https://bertonline.sharepoint.com/sites/FODDemo,04/28/2025 20:01:50,04/28/2025 20:02:14,23,Failed
49672731-78d8-45ea-9a16-113d06d9f5c4,https://bertonline.sharepoint.com/sites/German,04/28/2025 20:01:32,04/28/2025 20:01:33,0,Finished
49672731-78d8-45ea-9a16-113d06d9f5c4,https://bertonline.sharepoint.com/sites/Glean1,04/28/2025 20:01:20,04/28/2025 20:01:21,0,Finished
49672731-78d8-45ea-9a16-113d06d9f5c4,https://bertonline.sharepoint.com/sites/GroupTest1,04/28/2025 20:02:51,04/28/2025 20:02:52,0,Finished
49672731-78d8-45ea-9a16-113d06d9f5c4,https://bertonline.sharepoint.com/sites/GroupTest2,04/28/2025 20:02:46,04/28/2025 20:02:47,0,Finished
49672731-78d8-45ea-9a16-113d06d9f5c4,https://bertonline.sharepoint.com/sites/Groupifyme01,04/28/2025 20:01:19,04/28/2025 20:01:20,0,Finished
49672731-78d8-45ea-9a16-113d06d9f5c4,https://bertonline.sharepoint.com/sites/Hiro,04/28/2025 20:01:40,04/28/2025 20:01:41,0,Finished
49672731-78d8-45ea-9a16-113d06d9f5c4,https://bertonline.sharepoint.com/sites/HybridWork2,04/28/2025 20:01:34,04/28/2025 20:01:35,0,Finished
49672731-78d8-45ea-9a16-113d06d9f5c4,https://bertonline.sharepoint.com/sites/HybridWork3,04/28/2025 20:01:34,04/28/2025 20:01:35,0,Finished
49672731-78d8-45ea-9a16-113d06d9f5c4,https://bertonline.sharepoint.com/sites/Hyland01,04/28/2025 20:01:26,04/28/2025 20:01:26,0,Finished
49672731-78d8-45ea-9a16-113d06d9f5c4,https://bertonline.sharepoint.com/sites/I am a site,04/28/2025 20:02:43,04/28/2025 20:02:44,0,Finished
49672731-78d8-45ea-9a16-113d06d9f5c4,https://bertonline.sharepoint.com/sites/IsolatedWebPartTest,04/28/2025 20:02:44,04/28/2025 20:02:45,0,Finished
49672731-78d8-45ea-9a16-113d06d9f5c4,https://bertonline.sharepoint.com/sites/KnowledgeCenter,04/28/2025 20:01:40,04/28/2025 20:01:40,0,Finished
49672731-78d8-45ea-9a16-113d06d9f5c4,https://bertonline.sharepoint.com/sites/Loop1,04/28/2025 20:01:19,04/28/2025 20:01:20,1,Finished
49672731-78d8-45ea-9a16-113d06d9f5c4,https://bertonline.sharepoint.com/sites/M365LP,04/28/2025 20:01:38,04/28/2025 20:01:39,0,Finished
49672731-78d8-45ea-9a16-113d06d9f5c4,https://bertonline.sharepoint.com/sites/MUI1,04/28/2025 20:01:40,04/28/2025 20:01:41,0,Finished
49672731-78d8-45ea-9a16-113d06d9f5c4,https://bertonline.sharepoint.com/sites/ModernNavTest,04/28/2025 20:01:48,04/28/2025 20:01:48,0,Finished
49672731-78d8-45ea-9a16-113d06d9f5c4,https://bertonline.sharepoint.com/sites/ModernizationCenter,04/28/2025 20:02:31,04/28/2025 20:02:32,0,Finished
49672731-78d8-45ea-9a16-113d06d9f5c4,https://bertonline.sharepoint.com/sites/ModernizationTarget,04/28/2025 20:02:42,04/28/2025 20:02:43,0,Finished
49672731-78d8-45ea-9a16-113d06d9f5c4,https://bertonline.sharepoint.com/sites/MyDay,04/28/2025 20:02:27,04/28/2025 20:02:28,0,Finished
49672731-78d8-45ea-9a16-113d06d9f5c4,https://bertonline.sharepoint.com/sites/NewEmployeeEngineeringOnboarding0809,04/28/2025 20:01:37,04/28/2025 20:01:38,0,Finished
49672731-78d8-45ea-9a16-113d06d9f5c4,https://bertonline.sharepoint.com/sites/NewEmployeeOnboarding0809,04/28/2025 20:01:37,04/28/2025 20:01:38,0,Finished
49672731-78d8-45ea-9a16-113d06d9f5c4,https://bertonline.sharepoint.com/sites/NewEmployeeOnboardingNew45451,04/28/2025 20:01:34,04/28/2025 20:01:34,0,Finished
49672731-78d8-45ea-9a16-113d06d9f5c4,https://bertonline.sharepoint.com/sites/NewEmployeePreOnboarding0809,04/28/2025 20:01:37,04/28/2025 20:01:38,0,Finished
49672731-78d8-45ea-9a16-113d06d9f5c4,https://bertonline.sharepoint.com/sites/NewEmployeeSalesOnboarding0809,04/28/2025 20:01:37,04/28/2025 20:01:38,0,Finished
49672731-78d8-45ea-9a16-113d06d9f5c4,https://bertonline.sharepoint.com/sites/O365Seattle5,04/28/2025 20:01:39,04/28/2025 20:01:40,0,Finished
49672731-78d8-45ea-9a16-113d06d9f5c4,https://bertonline.sharepoint.com/sites/O365Seattle5-Budget,04/28/2025 20:01:22,04/28/2025 20:01:22,0,Finished
49672731-78d8-45ea-9a16-113d06d9f5c4,https://bertonline.sharepoint.com/sites/O365Seattle5-PlanningTeam,04/28/2025 20:01:22,04/28/2025 20:01:22,0,Finished
49672731-78d8-45ea-9a16-113d06d9f5c4,https://bertonline.sharepoint.com/sites/O365Seattle5-Registration,04/28/2025 20:01:22,04/28/2025 20:01:23,0,Finished
49672731-78d8-45ea-9a16-113d06d9f5c4,https://bertonline.sharepoint.com/sites/O365Seattle5-Social,04/28/2025 20:01:22,04/28/2025 20:01:23,1,Finished
49672731-78d8-45ea-9a16-113d06d9f5c4,https://bertonline.sharepoint.com/sites/O365Seattle5-Speakers,04/28/2025 20:01:22,04/28/2025 20:01:22,0,Finished
49672731-78d8-45ea-9a16-113d06d9f5c4,https://bertonline.sharepoint.com/sites/O365Seattle5-Sponsors,04/28/2025 20:01:21,04/28/2025 20:01:22,0,Finished
49672731-78d8-45ea-9a16-113d06d9f5c4,https://bertonline.sharepoint.com/sites/OfficeTrainingServices,04/28/2025 20:02:39,04/28/2025 20:02:40,0,Finished
49672731-78d8-45ea-9a16-113d06d9f5c4,https://bertonline.sharepoint.com/sites/PageLoadTest,04/28/2025 20:02:40,04/28/2025 20:02:41,0,Finished
49672731-78d8-45ea-9a16-113d06d9f5c4,https://bertonline.sharepoint.com/sites/PageLoadTest2,04/28/2025 20:02:48,04/28/2025 20:02:54,5,Finished
49672731-78d8-45ea-9a16-113d06d9f5c4,https://bertonline.sharepoint.com/sites/PageLoadTest3,04/28/2025 20:02:30,04/28/2025 20:02:31,0,Finished
49672731-78d8-45ea-9a16-113d06d9f5c4,https://bertonline.sharepoint.com/sites/PagesAPIDemo,04/28/2025 20:01:18,04/28/2025 20:01:19,0,Finished
49672731-78d8-45ea-9a16-113d06d9f5c4,https://bertonline.sharepoint.com/sites/Permissions01,04/28/2025 20:01:26,04/28/2025 20:01:26,0,Finished
49672731-78d8-45ea-9a16-113d06d9f5c4,https://bertonline.sharepoint.com/sites/Permissions02,04/28/2025 20:01:25,04/28/2025 20:01:26,0,Finished
49672731-78d8-45ea-9a16-113d06d9f5c4,https://bertonline.sharepoint.com/sites/PnP-Partner-Pack-Infrastructure,04/28/2025 20:03:30,04/28/2025 20:03:30,0,Finished
49672731-78d8-45ea-9a16-113d06d9f5c4,https://bertonline.sharepoint.com/sites/PnPDemo,04/28/2025 20:01:47,04/28/2025 20:01:48,0,Finished
49672731-78d8-45ea-9a16-113d06d9f5c4,https://bertonline.sharepoint.com/sites/PnPPartnerPack2,04/28/2025 20:02:36,04/28/2025 20:02:37,0,Finished
49672731-78d8-45ea-9a16-113d06d9f5c4,https://bertonline.sharepoint.com/sites/PnPPartnerPackTest,04/28/2025 20:01:49,04/28/2025 20:01:50,0,Finished
49672731-78d8-45ea-9a16-113d06d9f5c4,https://bertonline.sharepoint.com/sites/ProvDemoApply,04/28/2025 20:03:32,04/28/2025 20:03:33,0,Finished
49672731-78d8-45ea-9a16-113d06d9f5c4,https://bertonline.sharepoint.com/sites/ProvDemoGet,04/28/2025 20:02:26,04/28/2025 20:02:27,0,Finished
49672731-78d8-45ea-9a16-113d06d9f5c4,https://bertonline.sharepoint.com/sites/ProvisioningTest,04/28/2025 20:01:46,04/28/2025 20:01:46,0,Finished
49672731-78d8-45ea-9a16-113d06d9f5c4,https://bertonline.sharepoint.com/sites/SIGDemo1,04/28/2025 20:02:45,04/28/2025 20:02:46,1,Finished
49672731-78d8-45ea-9a16-113d06d9f5c4,https://bertonline.sharepoint.com/sites/SPCCycling,04/28/2025 20:02:36,04/28/2025 20:02:36,0,Finished
49672731-78d8-45ea-9a16-113d06d9f5c4,https://bertonline.sharepoint.com/sites/SPMT-teamsite1,04/28/2025 20:01:42,04/28/2025 20:01:43,0,Finished
49672731-78d8-45ea-9a16-113d06d9f5c4,https://bertonline.sharepoint.com/sites/SampleEngineeringTeam2,04/28/2025 20:01:39,04/28/2025 20:01:40,1,Finished
49672731-78d8-45ea-9a16-113d06d9f5c4,https://bertonline.sharepoint.com/sites/SelectedPermissionsDemo,04/28/2025 20:01:18,04/28/2025 20:01:18,0,Finished
49672731-78d8-45ea-9a16-113d06d9f5c4,https://bertonline.sharepoint.com/sites/SharePointSuccessSite,04/28/2025 20:01:38,04/28/2025 20:01:38,0,Finished
49672731-78d8-45ea-9a16-113d06d9f5c4,https://bertonline.sharepoint.com/sites/SharedExternal,04/28/2025 20:01:16,04/28/2025 20:01:17,0,Finished
49672731-78d8-45ea-9a16-113d06d9f5c4,https://bertonline.sharepoint.com/sites/Slack,04/28/2025 20:01:36,04/28/2025 20:01:36,0,Finished
49672731-78d8-45ea-9a16-113d06d9f5c4,https://bertonline.sharepoint.com/sites/Spaces,04/28/2025 20:01:32,04/28/2025 20:01:33,0,Finished
49672731-78d8-45ea-9a16-113d06d9f5c4,https://bertonline.sharepoint.com/sites/SyntexContentCenter001,04/28/2025 20:01:28,04/28/2025 20:01:29,0,Finished
49672731-78d8-45ea-9a16-113d06d9f5c4,https://bertonline.sharepoint.com/sites/SyntexContentCenter1002,04/28/2025 20:01:27,04/28/2025 20:01:28,0,Finished
49672731-78d8-45ea-9a16-113d06d9f5c4,https://bertonline.sharepoint.com/sites/SyntexContentCenter20121740,04/28/2025 20:01:28,04/28/2025 20:01:29,0,Finished
49672731-78d8-45ea-9a16-113d06d9f5c4,https://bertonline.sharepoint.com/sites/SyntexMay2021Demo,04/28/2025 20:01:32,04/28/2025 20:01:33,0,Finished
49672731-78d8-45ea-9a16-113d06d9f5c4,https://bertonline.sharepoint.com/sites/TAOS,04/28/2025 20:01:37,04/28/2025 20:01:38,0,Finished
49672731-78d8-45ea-9a16-113d06d9f5c4,https://bertonline.sharepoint.com/sites/TR18,04/28/2025 20:02:29,04/28/2025 20:02:30,0,Finished
49672731-78d8-45ea-9a16-113d06d9f5c4,https://bertonline.sharepoint.com/sites/Teamify2,04/28/2025 20:01:39,04/28/2025 20:01:40,0,Finished
49672731-78d8-45ea-9a16-113d06d9f5c4,https://bertonline.sharepoint.com/sites/TestOÃœ,04/28/2025 20:01:31,04/28/2025 20:01:32,0,Finished
49672731-78d8-45ea-9a16-113d06d9f5c4,https://bertonline.sharepoint.com/sites/TheLanding1,04/28/2025 20:01:35,04/28/2025 20:01:36,0,Finished
49672731-78d8-45ea-9a16-113d06d9f5c4,https://bertonline.sharepoint.com/sites/TopicCenter,04/28/2025 20:01:33,04/28/2025 20:01:33,0,Finished
49672731-78d8-45ea-9a16-113d06d9f5c4,https://bertonline.sharepoint.com/sites/ValoremSTS,04/28/2025 20:02:51,04/28/2025 20:02:51,0,Finished
49672731-78d8-45ea-9a16-113d06d9f5c4,https://bertonline.sharepoint.com/sites/accessdemo2,04/28/2025 20:02:26,04/28/2025 20:02:27,0,Finished
49672731-78d8-45ea-9a16-113d06d9f5c4,https://bertonline.sharepoint.com/sites/adminhasnoacess,04/28/2025 20:01:16,04/28/2025 20:01:17,0,Finished
49672731-78d8-45ea-9a16-113d06d9f5c4,https://bertonline.sharepoint.com/sites/allcompany,04/28/2025 20:01:19,04/28/2025 20:01:19,0,Finished
49672731-78d8-45ea-9a16-113d06d9f5c4,https://bertonline.sharepoint.com/sites/apps,04/28/2025 20:02:27,04/28/2025 20:02:28,0,Finished
49672731-78d8-45ea-9a16-113d06d9f5c4,https://bertonline.sharepoint.com/sites/associatedgroupid,04/28/2025 20:03:33,04/28/2025 20:03:34,0,Finished
49672731-78d8-45ea-9a16-113d06d9f5c4,https://bertonline.sharepoint.com/sites/bert1,04/28/2025 20:02:30,04/28/2025 20:02:31,0,Finished
49672731-78d8-45ea-9a16-113d06d9f5c4,https://bertonline.sharepoint.com/sites/bert2,04/28/2025 20:01:48,04/28/2025 20:01:49,0,Finished
49672731-78d8-45ea-9a16-113d06d9f5c4,https://bertonline.sharepoint.com/sites/blabla,04/28/2025 20:01:43,04/28/2025 20:01:43,0,Finished
49672731-78d8-45ea-9a16-113d06d9f5c4,https://bertonline.sharepoint.com/sites/bug171,04/28/2025 20:01:35,04/28/2025 20:01:36,0,Finished
49672731-78d8-45ea-9a16-113d06d9f5c4,https://bertonline.sharepoint.com/sites/bug275,04/28/2025 20:01:42,04/28/2025 20:01:43,0,Finished
49672731-78d8-45ea-9a16-113d06d9f5c4,https://bertonline.sharepoint.com/sites/classicteamsite0,04/28/2025 20:01:29,04/28/2025 20:01:30,0,Finished
49672731-78d8-45ea-9a16-113d06d9f5c4,https://bertonline.sharepoint.com/sites/classicteamsite1,04/28/2025 20:01:29,04/28/2025 20:01:30,0,Finished
49672731-78d8-45ea-9a16-113d06d9f5c4,https://bertonline.sharepoint.com/sites/classicteamsite2,04/28/2025 20:01:30,04/28/2025 20:01:31,0,Finished
49672731-78d8-45ea-9a16-113d06d9f5c4,https://bertonline.sharepoint.com/sites/classicteamsite3,04/28/2025 20:01:29,04/28/2025 20:01:30,0,Finished
49672731-78d8-45ea-9a16-113d06d9f5c4,https://bertonline.sharepoint.com/sites/classicteamsite4,04/28/2025 20:01:29,04/28/2025 20:01:30,0,Finished
49672731-78d8-45ea-9a16-113d06d9f5c4,https://bertonline.sharepoint.com/sites/cloudroadshownewyork,04/28/2025 20:02:41,04/28/2025 20:02:41,0,Finished
49672731-78d8-45ea-9a16-113d06d9f5c4,https://bertonline.sharepoint.com/sites/clrdemo1,04/28/2025 20:03:31,04/28/2025 20:03:32,0,Finished
49672731-78d8-45ea-9a16-113d06d9f5c4,https://bertonline.sharepoint.com/sites/clrdemo3,04/28/2025 20:03:27,04/28/2025 20:03:28,0,Finished
49672731-78d8-45ea-9a16-113d06d9f5c4,https://bertonline.sharepoint.com/sites/cms365-2,04/28/2025 20:01:18,04/28/2025 20:01:18,0,Finished
49672731-78d8-45ea-9a16-113d06d9f5c4,https://bertonline.sharepoint.com/sites/communityportal,04/28/2025 20:02:30,04/28/2025 20:02:30,0,Finished
49672731-78d8-45ea-9a16-113d06d9f5c4,https://bertonline.sharepoint.com/sites/contentTypeHub,04/28/2025 20:03:31,04/28/2025 20:03:32,0,Finished
49672731-78d8-45ea-9a16-113d06d9f5c4,https://bertonline.sharepoint.com/sites/contosodemo1,04/28/2025 20:02:28,04/28/2025 20:02:29,0,Finished
49672731-78d8-45ea-9a16-113d06d9f5c4,https://bertonline.sharepoint.com/sites/contosodemo2,04/28/2025 20:01:45,04/28/2025 20:01:46,0,Finished
49672731-78d8-45ea-9a16-113d06d9f5c4,https://bertonline.sharepoint.com/sites/contosodemo3,04/28/2025 20:02:47,04/28/2025 20:02:48,0,Finished
49672731-78d8-45ea-9a16-113d06d9f5c4,https://bertonline.sharepoint.com/sites/contosodemo4,04/28/2025 20:02:34,04/28/2025 20:02:35,0,Finished
49672731-78d8-45ea-9a16-113d06d9f5c4,https://bertonline.sharepoint.com/sites/contosodemo5,04/28/2025 20:02:51,04/28/2025 20:02:52,0,Finished
49672731-78d8-45ea-9a16-113d06d9f5c4,https://bertonline.sharepoint.com/sites/contosodemo6,04/28/2025 20:03:29,04/28/2025 20:03:30,0,Finished
49672731-78d8-45ea-9a16-113d06d9f5c4,https://bertonline.sharepoint.com/sites/contosodemo7,04/28/2025 20:02:48,04/28/2025 20:02:49,0,Finished
49672731-78d8-45ea-9a16-113d06d9f5c4,https://bertonline.sharepoint.com/sites/contosoelectronics,04/28/2025 20:03:33,04/28/2025 20:03:34,0,Finished
49672731-78d8-45ea-9a16-113d06d9f5c4,https://bertonline.sharepoint.com/sites/contosoelectronicsclassic,04/28/2025 20:02:47,04/28/2025 20:02:53,5,Finished
49672731-78d8-45ea-9a16-113d06d9f5c4,https://bertonline.sharepoint.com/sites/contosoelectronicsdrones,04/28/2025 20:03:30,04/28/2025 20:03:31,1,Finished
49672731-78d8-45ea-9a16-113d06d9f5c4,https://bertonline.sharepoint.com/sites/contractsmanagement001,04/28/2025 20:01:29,04/28/2025 20:01:29,0,Finished
49672731-78d8-45ea-9a16-113d06d9f5c4,https://bertonline.sharepoint.com/sites/contractsmanagement002,04/28/2025 20:01:28,04/28/2025 20:01:29,0,Finished
49672731-78d8-45ea-9a16-113d06d9f5c4,https://bertonline.sharepoint.com/sites/contractsmanagement1101,04/28/2025 20:01:28,04/28/2025 20:01:28,0,Finished
49672731-78d8-45ea-9a16-113d06d9f5c4,https://bertonline.sharepoint.com/sites/contractsmanagement1101-2,04/28/2025 20:01:27,04/28/2025 20:01:28,0,Finished
49672731-78d8-45ea-9a16-113d06d9f5c4,https://bertonline.sharepoint.com/sites/contractsmanagement1101-3,04/28/2025 20:01:27,04/28/2025 20:01:28,0,Finished
49672731-78d8-45ea-9a16-113d06d9f5c4,https://bertonline.sharepoint.com/sites/crisismanagement,04/28/2025 20:01:37,04/28/2025 20:01:37,0,Finished
49672731-78d8-45ea-9a16-113d06d9f5c4,https://bertonline.sharepoint.com/sites/cyclingcommunity,04/28/2025 20:02:30,04/28/2025 20:02:31,0,Finished
49672731-78d8-45ea-9a16-113d06d9f5c4,https://bertonline.sharepoint.com/sites/d1,04/28/2025 20:01:31,04/28/2025 20:01:32,0,Finished
49672731-78d8-45ea-9a16-113d06d9f5c4,https://bertonline.sharepoint.com/sites/debug1,04/28/2025 20:03:25,04/28/2025 20:03:26,0,Finished
49672731-78d8-45ea-9a16-113d06d9f5c4,https://bertonline.sharepoint.com/sites/deleteme,04/28/2025 20:02:31,04/28/2025 20:02:32,0,Finished
49672731-78d8-45ea-9a16-113d06d9f5c4,https://bertonline.sharepoint.com/sites/deleteme0942,04/28/2025 20:01:29,04/28/2025 20:01:29,0,Finished
49672731-78d8-45ea-9a16-113d06d9f5c4,https://bertonline.sharepoint.com/sites/deleteme1844,04/28/2025 20:01:25,04/28/2025 20:01:26,0,Finished
49672731-78d8-45ea-9a16-113d06d9f5c4,https://bertonline.sharepoint.com/sites/deletemenow,04/28/2025 20:01:26,04/28/2025 20:01:27,0,Finished
49672731-78d8-45ea-9a16-113d06d9f5c4,https://bertonline.sharepoint.com/sites/demofff,04/28/2025 20:01:24,04/28/2025 20:01:24,0,Finished
49672731-78d8-45ea-9a16-113d06d9f5c4,https://bertonline.sharepoint.com/sites/dev,04/28/2025 20:02:55,04/28/2025 20:03:35,39,Finished
49672731-78d8-45ea-9a16-113d06d9f5c4,https://bertonline.sharepoint.com/sites/dev2,04/28/2025 20:01:46,04/28/2025 20:01:47,0,Finished
49672731-78d8-45ea-9a16-113d06d9f5c4,https://bertonline.sharepoint.com/sites/dev3,04/28/2025 20:02:54,04/28/2025 20:03:13,18,Finished
49672731-78d8-45ea-9a16-113d06d9f5c4,https://bertonline.sharepoint.com/sites/dev5,04/28/2025 20:02:46,04/28/2025 20:02:47,0,Finished
49672731-78d8-45ea-9a16-113d06d9f5c4,https://bertonline.sharepoint.com/sites/dev6,04/28/2025 20:02:31,04/28/2025 20:02:31,0,Finished
49672731-78d8-45ea-9a16-113d06d9f5c4,https://bertonline.sharepoint.com/sites/devInfoPath2,04/28/2025 20:02:36,04/28/2025 20:02:37,0,Finished
49672731-78d8-45ea-9a16-113d06d9f5c4,https://bertonline.sharepoint.com/sites/devaccenture,04/28/2025 20:01:48,04/28/2025 20:01:49,0,Finished
49672731-78d8-45ea-9a16-113d06d9f5c4,https://bertonline.sharepoint.com/sites/devaccentureraja,04/28/2025 20:01:46,04/28/2025 20:01:47,0,Finished
49672731-78d8-45ea-9a16-113d06d9f5c4,https://bertonline.sharepoint.com/sites/devbiwug,04/28/2025 20:01:49,04/28/2025 20:01:50,0,Finished
49672731-78d8-45ea-9a16-113d06d9f5c4,https://bertonline.sharepoint.com/sites/devclr,04/28/2025 20:01:50,04/28/2025 20:02:23,33,Finished
49672731-78d8-45ea-9a16-113d06d9f5c4,https://bertonline.sharepoint.com/sites/developersite1,04/28/2025 20:01:15,04/28/2025 20:01:17,1,Finished
49672731-78d8-45ea-9a16-113d06d9f5c4,https://bertonline.sharepoint.com/sites/devinfopath,04/28/2025 20:02:52,04/28/2025 20:02:53,0,Finished
49672731-78d8-45ea-9a16-113d06d9f5c4,https://bertonline.sharepoint.com/sites/devinfopath3,04/28/2025 20:02:30,04/28/2025 20:02:31,0,Finished
49672731-78d8-45ea-9a16-113d06d9f5c4,https://bertonline.sharepoint.com/sites/devjscore,04/28/2025 20:02:47,04/28/2025 20:02:48,0,Finished
49672731-78d8-45ea-9a16-113d06d9f5c4,https://bertonline.sharepoint.com/sites/devnl,04/28/2025 20:02:26,04/28/2025 20:02:27,0,Finished
49672731-78d8-45ea-9a16-113d06d9f5c4,https://bertonline.sharepoint.com/sites/devportal,04/28/2025 20:02:28,04/28/2025 20:02:29,1,Finished
49672731-78d8-45ea-9a16-113d06d9f5c4,https://bertonline.sharepoint.com/sites/dummy,04/28/2025 20:02:44,04/28/2025 20:02:45,0,Finished
49672731-78d8-45ea-9a16-113d06d9f5c4,https://bertonline.sharepoint.com/sites/dutch,04/28/2025 20:01:50,04/28/2025 20:02:16,25,Finished
49672731-78d8-45ea-9a16-113d06d9f5c4,https://bertonline.sharepoint.com/sites/ecs2018demo1,04/28/2025 20:02:42,04/28/2025 20:02:43,0,Finished
49672731-78d8-45ea-9a16-113d06d9f5c4,https://bertonline.sharepoint.com/sites/ecs2018demo2,04/28/2025 20:02:29,04/28/2025 20:02:30,0,Finished
49672731-78d8-45ea-9a16-113d06d9f5c4,https://bertonline.sharepoint.com/sites/ecs2018test1,04/28/2025 20:02:43,04/28/2025 20:02:44,0,Finished
49672731-78d8-45ea-9a16-113d06d9f5c4,https://bertonline.sharepoint.com/sites/ecs2023-1,04/28/2025 20:01:23,04/28/2025 20:01:24,0,Finished
49672731-78d8-45ea-9a16-113d06d9f5c4,https://bertonline.sharepoint.com/sites/ecs2023-2,04/28/2025 20:01:23,04/28/2025 20:01:24,0,Finished
49672731-78d8-45ea-9a16-113d06d9f5c4,https://bertonline.sharepoint.com/sites/ecs2023-23,04/28/2025 20:01:22,04/28/2025 20:01:23,0,Finished
49672731-78d8-45ea-9a16-113d06d9f5c4,https://bertonline.sharepoint.com/sites/ecs2023-3,04/28/2025 20:01:22,04/28/2025 20:01:23,0,Finished
49672731-78d8-45ea-9a16-113d06d9f5c4,https://bertonline.sharepoint.com/sites/ecs2023-4,04/28/2025 20:01:22,04/28/2025 20:01:23,0,Finished
49672731-78d8-45ea-9a16-113d06d9f5c4,https://bertonline.sharepoint.com/sites/ediscovery,04/28/2025 20:02:40,04/28/2025 20:02:41,1,Finished
49672731-78d8-45ea-9a16-113d06d9f5c4,https://bertonline.sharepoint.com/sites/esc2018demo1,04/28/2025 20:02:41,04/28/2025 20:02:42,0,Finished
49672731-78d8-45ea-9a16-113d06d9f5c4,https://bertonline.sharepoint.com/sites/esc2018demo2,04/28/2025 20:02:24,04/28/2025 20:02:25,0,Finished
49672731-78d8-45ea-9a16-113d06d9f5c4,https://bertonline.sharepoint.com/sites/espc2019Modernize01,04/28/2025 20:01:42,04/28/2025 20:01:42,0,Finished
49672731-78d8-45ea-9a16-113d06d9f5c4,https://bertonline.sharepoint.com/sites/espc2019Modernize02,04/28/2025 20:01:41,04/28/2025 20:01:42,0,Finished
49672731-78d8-45ea-9a16-113d06d9f5c4,https://bertonline.sharepoint.com/sites/espc2019Modernize03,04/28/2025 20:01:41,04/28/2025 20:01:42,0,Finished
49672731-78d8-45ea-9a16-113d06d9f5c4,https://bertonline.sharepoint.com/sites/espc2019Modernize04,04/28/2025 20:01:41,04/28/2025 20:01:42,0,Finished
49672731-78d8-45ea-9a16-113d06d9f5c4,https://bertonline.sharepoint.com/sites/espc2021classic,04/28/2025 20:01:32,04/28/2025 20:01:33,0,Finished
49672731-78d8-45ea-9a16-113d06d9f5c4,https://bertonline.sharepoint.com/sites/espc2022-90,04/28/2025 20:01:24,04/28/2025 20:01:25,0,Finished
49672731-78d8-45ea-9a16-113d06d9f5c4,https://bertonline.sharepoint.com/sites/espc2022-91,04/28/2025 20:01:24,04/28/2025 20:01:25,0,Finished
49672731-78d8-45ea-9a16-113d06d9f5c4,https://bertonline.sharepoint.com/sites/espc2022-92,04/28/2025 20:01:24,04/28/2025 20:01:25,0,Finished
49672731-78d8-45ea-9a16-113d06d9f5c4,https://bertonline.sharepoint.com/sites/espc2022-94,04/28/2025 20:01:24,04/28/2025 20:01:25,0,Finished
49672731-78d8-45ea-9a16-113d06d9f5c4,https://bertonline.sharepoint.com/sites/espc2022-95,04/28/2025 20:01:25,04/28/2025 20:01:26,1,Finished
49672731-78d8-45ea-9a16-113d06d9f5c4,https://bertonline.sharepoint.com/sites/espc2022-96,04/28/2025 20:01:25,04/28/2025 20:01:25,0,Finished
49672731-78d8-45ea-9a16-113d06d9f5c4,https://bertonline.sharepoint.com/sites/espc2022-97,04/28/2025 20:01:25,04/28/2025 20:01:25,0,Finished
49672731-78d8-45ea-9a16-113d06d9f5c4,https://bertonline.sharepoint.com/sites/espc2022-98,04/28/2025 20:01:25,04/28/2025 20:01:26,0,Finished
49672731-78d8-45ea-9a16-113d06d9f5c4,https://bertonline.sharepoint.com/sites/espcteamsite1,04/28/2025 20:03:26,04/28/2025 20:03:27,0,Finished
49672731-78d8-45ea-9a16-113d06d9f5c4,https://bertonline.sharepoint.com/sites/espctest1,04/28/2025 20:03:34,04/28/2025 20:03:35,0,Finished
49672731-78d8-45ea-9a16-113d06d9f5c4,https://bertonline.sharepoint.com/sites/espctest2,04/28/2025 20:02:28,04/28/2025 20:02:29,1,Finished
49672731-78d8-45ea-9a16-113d06d9f5c4,https://bertonline.sharepoint.com/sites/fodintranet,04/28/2025 20:02:26,04/28/2025 20:02:26,0,Finished
49672731-78d8-45ea-9a16-113d06d9f5c4,https://bertonline.sharepoint.com/sites/french,04/28/2025 20:01:38,04/28/2025 20:01:39,0,Finished
49672731-78d8-45ea-9a16-113d06d9f5c4,https://bertonline.sharepoint.com/sites/fromsp2013-devportal,04/28/2025 20:01:43,04/28/2025 20:01:43,0,Finished
49672731-78d8-45ea-9a16-113d06d9f5c4,https://bertonline.sharepoint.com/sites/groupforanswersinvivaengagedonotdelete1234750916,04/28/2025 20:01:23,04/28/2025 20:01:24,0,Finished
49672731-78d8-45ea-9a16-113d06d9f5c4,https://bertonline.sharepoint.com/sites/hybridwork,04/28/2025 20:01:35,04/28/2025 20:01:35,0,Finished
49672731-78d8-45ea-9a16-113d06d9f5c4,https://bertonline.sharepoint.com/sites/hybridwork2502,04/28/2025 20:01:34,04/28/2025 20:01:34,0,Finished
49672731-78d8-45ea-9a16-113d06d9f5c4,https://bertonline.sharepoint.com/sites/hybridwork2502-02,04/28/2025 20:01:33,04/28/2025 20:01:34,0,Finished
49672731-78d8-45ea-9a16-113d06d9f5c4,https://bertonline.sharepoint.com/sites/hybridwork2502-03,04/28/2025 20:01:33,04/28/2025 20:01:34,0,Finished
49672731-78d8-45ea-9a16-113d06d9f5c4,https://bertonline.sharepoint.com/sites/hybridwork2502-1,04/28/2025 20:01:33,04/28/2025 20:01:34,0,Finished
49672731-78d8-45ea-9a16-113d06d9f5c4,https://bertonline.sharepoint.com/sites/hybridwork2602,04/28/2025 20:01:33,04/28/2025 20:01:34,0,Finished
49672731-78d8-45ea-9a16-113d06d9f5c4,https://bertonline.sharepoint.com/sites/hybridwork4,04/28/2025 20:01:34,04/28/2025 20:01:35,0,Finished
49672731-78d8-45ea-9a16-113d06d9f5c4,https://bertonline.sharepoint.com/sites/hybridwork5,04/28/2025 20:01:34,04/28/2025 20:01:35,0,Finished
49672731-78d8-45ea-9a16-113d06d9f5c4,https://bertonline.sharepoint.com/sites/hybridwork6,04/28/2025 20:01:34,04/28/2025 20:01:35,0,Finished
49672731-78d8-45ea-9a16-113d06d9f5c4,https://bertonline.sharepoint.com/sites/hybridwork7,04/28/2025 20:01:34,04/28/2025 20:01:34,0,Finished
49672731-78d8-45ea-9a16-113d06d9f5c4,https://bertonline.sharepoint.com/sites/intranet,04/28/2025 20:02:27,04/28/2025 20:02:29,1,Finished
49672731-78d8-45ea-9a16-113d06d9f5c4,https://bertonline.sharepoint.com/sites/ip1,04/28/2025 20:02:25,04/28/2025 20:02:26,0,Finished
49672731-78d8-45ea-9a16-113d06d9f5c4,https://bertonline.sharepoint.com/sites/jdp0001,04/28/2025 20:02:35,04/28/2025 20:02:36,0,Finished
49672731-78d8-45ea-9a16-113d06d9f5c4,https://bertonline.sharepoint.com/sites/johnsanderstest,04/28/2025 20:02:43,04/28/2025 20:02:43,0,Finished
49672731-78d8-45ea-9a16-113d06d9f5c4,https://bertonline.sharepoint.com/sites/joinhub,04/28/2025 20:01:20,04/28/2025 20:01:21,1,Finished
49672731-78d8-45ea-9a16-113d06d9f5c4,https://bertonline.sharepoint.com/sites/jsloadtest,04/28/2025 20:02:53,04/28/2025 20:02:54,0,Finished
49672731-78d8-45ea-9a16-113d06d9f5c4,https://bertonline.sharepoint.com/sites/kbc,04/28/2025 20:02:53,04/28/2025 20:02:54,1,Finished
49672731-78d8-45ea-9a16-113d06d9f5c4,https://bertonline.sharepoint.com/sites/kbcportal,04/28/2025 20:02:32,04/28/2025 20:02:33,0,Finished
49672731-78d8-45ea-9a16-113d06d9f5c4,https://bertonline.sharepoint.com/sites/m365lp2,04/28/2025 20:01:38,04/28/2025 20:01:39,0,Finished
49672731-78d8-45ea-9a16-113d06d9f5c4,https://bertonline.sharepoint.com/sites/modern,04/28/2025 20:02:34,04/28/2025 20:02:36,1,Finished
49672731-78d8-45ea-9a16-113d06d9f5c4,https://bertonline.sharepoint.com/sites/modern2,04/28/2025 20:01:49,04/28/2025 20:01:50,0,Finished
49672731-78d8-45ea-9a16-113d06d9f5c4,https://bertonline.sharepoint.com/sites/modernblog,04/28/2025 20:01:42,04/28/2025 20:01:43,0,Finished
49672731-78d8-45ea-9a16-113d06d9f5c4,https://bertonline.sharepoint.com/sites/modernexperience,04/28/2025 20:02:32,04/28/2025 20:02:33,0,Finished
49672731-78d8-45ea-9a16-113d06d9f5c4,https://bertonline.sharepoint.com/sites/modernizationdemo,04/28/2025 20:02:44,04/28/2025 20:02:45,0,Finished
49672731-78d8-45ea-9a16-113d06d9f5c4,https://bertonline.sharepoint.com/sites/modernizationtest,04/28/2025 20:03:32,04/28/2025 20:03:33,0,Finished
49672731-78d8-45ea-9a16-113d06d9f5c4,https://bertonline.sharepoint.com/sites/modernizationtestpages,04/28/2025 20:01:47,04/28/2025 20:01:50,2,Finished
49672731-78d8-45ea-9a16-113d06d9f5c4,https://bertonline.sharepoint.com/sites/modernizationtestportal,04/28/2025 20:02:56,04/28/2025 20:03:29,32,Finished
49672731-78d8-45ea-9a16-113d06d9f5c4,https://bertonline.sharepoint.com/sites/modernizationtestportal2,04/28/2025 20:01:30,04/28/2025 20:01:31,0,Finished
49672731-78d8-45ea-9a16-113d06d9f5c4,https://bertonline.sharepoint.com/sites/modernizationusermapping,04/28/2025 20:01:42,04/28/2025 20:01:43,0,Finished
49672731-78d8-45ea-9a16-113d06d9f5c4,https://bertonline.sharepoint.com/sites/modernizefrp01,04/28/2025 20:02:25,04/28/2025 20:02:26,1,Finished
49672731-78d8-45ea-9a16-113d06d9f5c4,https://bertonline.sharepoint.com/sites/modernizefrp02,04/28/2025 20:02:38,04/28/2025 20:02:39,0,Finished
49672731-78d8-45ea-9a16-113d06d9f5c4,https://bertonline.sharepoint.com/sites/modernizefrp03,04/28/2025 20:02:31,04/28/2025 20:02:32,0,Finished
49672731-78d8-45ea-9a16-113d06d9f5c4,https://bertonline.sharepoint.com/sites/modernizeme01,04/28/2025 20:02:54,04/28/2025 20:02:55,0,Finished
49672731-78d8-45ea-9a16-113d06d9f5c4,https://bertonline.sharepoint.com/sites/modernizeme02,04/28/2025 20:02:49,04/28/2025 20:02:49,0,Finished
49672731-78d8-45ea-9a16-113d06d9f5c4,https://bertonline.sharepoint.com/sites/modernizeme03,04/28/2025 20:02:22,04/28/2025 20:02:23,0,Finished
49672731-78d8-45ea-9a16-113d06d9f5c4,https://bertonline.sharepoint.com/sites/modernizeme04,04/28/2025 20:01:45,04/28/2025 20:01:46,0,Finished
49672731-78d8-45ea-9a16-113d06d9f5c4,https://bertonline.sharepoint.com/sites/multilingual,04/28/2025 20:01:41,04/28/2025 20:01:42,0,Finished
49672731-78d8-45ea-9a16-113d06d9f5c4,https://bertonline.sharepoint.com/sites/multilingualtarget,04/28/2025 20:01:41,04/28/2025 20:01:42,0,Finished
49672731-78d8-45ea-9a16-113d06d9f5c4,https://bertonline.sharepoint.com/sites/navigationtest1,04/28/2025 20:01:40,04/28/2025 20:01:41,0,Finished
49672731-78d8-45ea-9a16-113d06d9f5c4,https://bertonline.sharepoint.com/sites/nlmodernize,04/28/2025 20:03:29,04/28/2025 20:03:30,0,Finished
49672731-78d8-45ea-9a16-113d06d9f5c4,https://bertonline.sharepoint.com/sites/onedrivedemo,04/28/2025 20:02:49,04/28/2025 20:02:50,0,Finished
49672731-78d8-45ea-9a16-113d06d9f5c4,https://bertonline.sharepoint.com/sites/operations,04/28/2025 20:01:19,04/28/2025 20:01:20,1,Finished
49672731-78d8-45ea-9a16-113d06d9f5c4,https://bertonline.sharepoint.com/sites/p2,04/28/2025 20:02:23,04/28/2025 20:02:24,0,Finished
49672731-78d8-45ea-9a16-113d06d9f5c4,https://bertonline.sharepoint.com/sites/pagetransformationdemoblog,04/28/2025 20:01:42,04/28/2025 20:01:43,0,Finished
49672731-78d8-45ea-9a16-113d06d9f5c4,https://bertonline.sharepoint.com/sites/pagetransformationdemoportal,04/28/2025 20:03:19,04/28/2025 20:03:28,9,Finished
49672731-78d8-45ea-9a16-113d06d9f5c4,https://bertonline.sharepoint.com/sites/pagetransformationdemosite,04/28/2025 20:02:32,04/28/2025 20:02:33,0,Finished
49672731-78d8-45ea-9a16-113d06d9f5c4,https://bertonline.sharepoint.com/sites/pagetransformationdemotarget,04/28/2025 20:02:32,04/28/2025 20:02:32,0,Finished
49672731-78d8-45ea-9a16-113d06d9f5c4,https://bertonline.sharepoint.com/sites/pagetransformationdemotargetHR,04/28/2025 20:02:34,04/28/2025 20:02:35,0,Finished
49672731-78d8-45ea-9a16-113d06d9f5c4,https://bertonline.sharepoint.com/sites/permissive,04/28/2025 20:03:28,04/28/2025 20:03:29,0,Finished
49672731-78d8-45ea-9a16-113d06d9f5c4,https://bertonline.sharepoint.com/sites/pnp-unit-test-291,04/28/2025 20:01:36,04/28/2025 20:01:37,0,Finished
49672731-78d8-45ea-9a16-113d06d9f5c4,https://bertonline.sharepoint.com/sites/pnp-unit-test-800,04/28/2025 20:01:36,04/28/2025 20:01:37,0,Finished
49672731-78d8-45ea-9a16-113d06d9f5c4,https://bertonline.sharepoint.com/sites/pnp-unit-test-980,04/28/2025 20:01:36,04/28/2025 20:01:37,0,Finished
49672731-78d8-45ea-9a16-113d06d9f5c4,https://bertonline.sharepoint.com/sites/pnp-unit-test-999,04/28/2025 20:01:36,04/28/2025 20:01:37,0,Finished
49672731-78d8-45ea-9a16-113d06d9f5c4,https://bertonline.sharepoint.com/sites/pnpcoreappcatalog,04/28/2025 20:01:30,04/28/2025 20:01:31,0,Finished
49672731-78d8-45ea-9a16-113d06d9f5c4,https://bertonline.sharepoint.com/sites/pnpcoresdktest,04/28/2025 20:01:36,04/28/2025 20:01:36,0,Finished
49672731-78d8-45ea-9a16-113d06d9f5c4,https://bertonline.sharepoint.com/sites/pnpcoresdktestcommsite64dd9be3b20a4ebbb18bc6c705495175,04/28/2025 20:01:20,04/28/2025 20:01:21,0,Finished
49672731-78d8-45ea-9a16-113d06d9f5c4,https://bertonline.sharepoint.com/sites/pnpcoresdktestcommsite6eaebdbe84404addb7fe97a4c8ed89a9,04/28/2025 20:01:20,04/28/2025 20:01:21,0,Finished
49672731-78d8-45ea-9a16-113d06d9f5c4,https://bertonline.sharepoint.com/sites/pnpcoresdktestcommsite7770a42b2fdd4db89b780f8d8351ea07,04/28/2025 20:01:20,04/28/2025 20:01:21,0,Finished
49672731-78d8-45ea-9a16-113d06d9f5c4,https://bertonline.sharepoint.com/sites/pnpcoresdktestteamsite0de1b42a806d4754a0af09e8b5b535b0,04/28/2025 20:01:26,04/28/2025 20:01:27,0,Finished
49672731-78d8-45ea-9a16-113d06d9f5c4,https://bertonline.sharepoint.com/sites/pnpcoresdktestteamsite30023edb2a4e44d383a4303639df3ad0,04/28/2025 20:01:31,04/28/2025 20:01:32,0,Finished
49672731-78d8-45ea-9a16-113d06d9f5c4,https://bertonline.sharepoint.com/sites/pnpcoresdktestteamsite6b76aae864b64a46982ca0f09101b088,04/28/2025 20:01:26,04/28/2025 20:01:27,0,Finished
49672731-78d8-45ea-9a16-113d06d9f5c4,https://bertonline.sharepoint.com/sites/pnpcoresdktestteamsite72f119d75bf441f98cc215fd74842c00,04/28/2025 20:01:30,04/28/2025 20:01:31,0,Finished
49672731-78d8-45ea-9a16-113d06d9f5c4,https://bertonline.sharepoint.com/sites/pnpcoresdktestteamsitef3c85073d3434faebf8e91e7360152e5,04/28/2025 20:01:18,04/28/2025 20:01:18,0,Finished
49672731-78d8-45ea-9a16-113d06d9f5c4,https://bertonline.sharepoint.com/sites/pnpmicrosoft365librarytest,04/28/2025 20:01:40,04/28/2025 20:01:41,0,Finished
49672731-78d8-45ea-9a16-113d06d9f5c4,https://bertonline.sharepoint.com/sites/pnpmicrosoft365librarytestgroup,04/28/2025 20:01:40,04/28/2025 20:01:41,0,Finished
49672731-78d8-45ea-9a16-113d06d9f5c4,https://bertonline.sharepoint.com/sites/pnpmicrosoft365librarytestgroup-myprivatechannel,04/28/2025 20:01:21,04/28/2025 20:01:22,0,Finished
49672731-78d8-45ea-9a16-113d06d9f5c4,https://bertonline.sharepoint.com/sites/pnpnoscript,04/28/2025 20:03:30,04/28/2025 20:03:31,0,Finished
49672731-78d8-45ea-9a16-113d06d9f5c4,https://bertonline.sharepoint.com/sites/pnppartnerpack3,04/28/2025 20:03:34,04/28/2025 20:03:35,0,Finished
49672731-78d8-45ea-9a16-113d06d9f5c4,https://bertonline.sharepoint.com/sites/pnppartnerpacktest2,04/28/2025 20:02:27,04/28/2025 20:02:28,0,Finished
49672731-78d8-45ea-9a16-113d06d9f5c4,https://bertonline.sharepoint.com/sites/pnpscript,04/28/2025 20:02:50,04/28/2025 20:02:51,0,Finished
49672731-78d8-45ea-9a16-113d06d9f5c4,https://bertonline.sharepoint.com/sites/pnptemplate1,04/28/2025 20:02:24,04/28/2025 20:02:25,1,Finished
49672731-78d8-45ea-9a16-113d06d9f5c4,https://bertonline.sharepoint.com/sites/pnptest,04/28/2025 20:01:39,04/28/2025 20:01:40,1,Finished
49672731-78d8-45ea-9a16-113d06d9f5c4,https://bertonline.sharepoint.com/sites/pnptest2,04/28/2025 20:02:33,04/28/2025 20:02:34,1,Finished
49672731-78d8-45ea-9a16-113d06d9f5c4,https://bertonline.sharepoint.com/sites/portalconfiguration,04/28/2025 20:02:31,04/28/2025 20:02:31,0,Finished
49672731-78d8-45ea-9a16-113d06d9f5c4,https://bertonline.sharepoint.com/sites/portaldemo,04/28/2025 20:02:45,04/28/2025 20:02:46,1,Finished
49672731-78d8-45ea-9a16-113d06d9f5c4,https://bertonline.sharepoint.com/sites/pr1,04/28/2025 20:02:49,04/28/2025 20:02:50,0,Finished
49672731-78d8-45ea-9a16-113d06d9f5c4,https://bertonline.sharepoint.com/sites/previousroot,04/28/2025 20:01:42,04/28/2025 20:01:42,0,Finished
49672731-78d8-45ea-9a16-113d06d9f5c4,https://bertonline.sharepoint.com/sites/projectsitetest,04/28/2025 20:01:44,04/28/2025 20:01:45,0,Finished
49672731-78d8-45ea-9a16-113d06d9f5c4,https://bertonline.sharepoint.com/sites/prov-1,04/28/2025 20:01:44,04/28/2025 20:01:46,2,Finished
49672731-78d8-45ea-9a16-113d06d9f5c4,https://bertonline.sharepoint.com/sites/prov-1-Private,04/28/2025 20:01:21,04/28/2025 20:01:22,0,Finished
49672731-78d8-45ea-9a16-113d06d9f5c4,https://bertonline.sharepoint.com/sites/prov-2,04/28/2025 20:01:31,04/28/2025 20:01:31,0,Finished
49672731-78d8-45ea-9a16-113d06d9f5c4,https://bertonline.sharepoint.com/sites/prov-2-private,04/28/2025 20:01:21,04/28/2025 20:01:22,0,Finished
49672731-78d8-45ea-9a16-113d06d9f5c4,https://bertonline.sharepoint.com/sites/prov-2-shared,04/28/2025 20:01:21,04/28/2025 20:01:22,1,Finished
49672731-78d8-45ea-9a16-113d06d9f5c4,https://bertonline.sharepoint.com/sites/provisioningtest2,04/28/2025 20:02:39,04/28/2025 20:02:40,0,Finished
49672731-78d8-45ea-9a16-113d06d9f5c4,https://bertonline.sharepoint.com/sites/publishing1,04/28/2025 20:02:55,04/28/2025 20:03:19,23,Finished
49672731-78d8-45ea-9a16-113d06d9f5c4,https://bertonline.sharepoint.com/sites/publishing2,04/28/2025 20:02:23,04/28/2025 20:02:25,1,Finished
49672731-78d8-45ea-9a16-113d06d9f5c4,https://bertonline.sharepoint.com/sites/publishing3,04/28/2025 20:02:43,04/28/2025 20:02:43,0,Finished
49672731-78d8-45ea-9a16-113d06d9f5c4,https://bertonline.sharepoint.com/sites/rajatest1,04/28/2025 20:01:46,04/28/2025 20:01:47,1,Finished
49672731-78d8-45ea-9a16-113d06d9f5c4,https://bertonline.sharepoint.com/sites/recipes1,04/28/2025 20:01:16,04/28/2025 20:01:17,0,Finished
49672731-78d8-45ea-9a16-113d06d9f5c4,https://bertonline.sharepoint.com/sites/recipes1-dutch,04/28/2025 20:01:16,04/28/2025 20:01:17,1,Finished
49672731-78d8-45ea-9a16-113d06d9f5c4,https://bertonline.sharepoint.com/sites/recipes2,04/28/2025 20:01:15,04/28/2025 20:01:16,0,Finished
49672731-78d8-45ea-9a16-113d06d9f5c4,https://bertonline.sharepoint.com/sites/records,04/28/2025 20:02:25,04/28/2025 20:02:25,0,Finished
49672731-78d8-45ea-9a16-113d06d9f5c4,https://bertonline.sharepoint.com/sites/records2,04/28/2025 20:01:23,04/28/2025 20:01:24,0,Finished
49672731-78d8-45ea-9a16-113d06d9f5c4,https://bertonline.sharepoint.com/sites/redirectbug,04/28/2025 20:03:30,04/28/2025 20:03:31,0,Finished
49672731-78d8-45ea-9a16-113d06d9f5c4,https://bertonline.sharepoint.com/sites/responsivedesign,04/28/2025 20:01:47,04/28/2025 20:01:47,0,Finished
49672731-78d8-45ea-9a16-113d06d9f5c4,https://bertonline.sharepoint.com/sites/rol1,04/28/2025 20:01:30,04/28/2025 20:01:31,0,Finished
49672731-78d8-45ea-9a16-113d06d9f5c4,https://bertonline.sharepoint.com/sites/rol2,04/28/2025 20:01:30,04/28/2025 20:01:30,0,Finished
49672731-78d8-45ea-9a16-113d06d9f5c4,https://bertonline.sharepoint.com/sites/rol3,04/28/2025 20:01:29,04/28/2025 20:01:30,0,Finished
49672731-78d8-45ea-9a16-113d06d9f5c4,https://bertonline.sharepoint.com/sites/schedulingtest1,04/28/2025 20:01:31,04/28/2025 20:01:32,0,Finished
49672731-78d8-45ea-9a16-113d06d9f5c4,https://bertonline.sharepoint.com/sites/scripts,04/28/2025 20:02:52,04/28/2025 20:02:53,0,Finished
49672731-78d8-45ea-9a16-113d06d9f5c4,https://bertonline.sharepoint.com/sites/searchdemo,04/28/2025 20:03:32,04/28/2025 20:03:32,0,Finished
49672731-78d8-45ea-9a16-113d06d9f5c4,https://bertonline.sharepoint.com/sites/sigdemo200109,04/28/2025 20:01:41,04/28/2025 20:01:41,0,Finished
49672731-78d8-45ea-9a16-113d06d9f5c4,https://bertonline.sharepoint.com/sites/site4af77e31802345eab4e67a08624b4e64,04/28/2025 20:02:16,04/28/2025 20:02:22,6,Finished
49672731-78d8-45ea-9a16-113d06d9f5c4,https://bertonline.sharepoint.com/sites/siteffd8b7ab07414bb9a4c9ebe7da8bff36,04/28/2025 20:01:36,04/28/2025 20:01:37,0,Finished
49672731-78d8-45ea-9a16-113d06d9f5c4,https://bertonline.sharepoint.com/sites/sitescreatealltest1,04/28/2025 20:01:17,04/28/2025 20:01:18,0,Finished
49672731-78d8-45ea-9a16-113d06d9f5c4,https://bertonline.sharepoint.com/sites/sitescreatealltest2,04/28/2025 20:01:17,04/28/2025 20:01:18,0,Finished
49672731-78d8-45ea-9a16-113d06d9f5c4,https://bertonline.sharepoint.com/sites/sitescreatealltest3,04/28/2025 20:01:17,04/28/2025 20:01:18,0,Finished
49672731-78d8-45ea-9a16-113d06d9f5c4,https://bertonline.sharepoint.com/sites/sitescreatealltest4,04/28/2025 20:01:17,04/28/2025 20:01:18,1,Finished
49672731-78d8-45ea-9a16-113d06d9f5c4,https://bertonline.sharepoint.com/sites/sitetemplatetest1,04/28/2025 20:01:18,04/28/2025 20:01:19,0,Finished
49672731-78d8-45ea-9a16-113d06d9f5c4,https://bertonline.sharepoint.com/sites/spc,04/28/2025 20:02:38,04/28/2025 20:02:39,0,Finished
49672731-78d8-45ea-9a16-113d06d9f5c4,https://bertonline.sharepoint.com/sites/spcna01,04/28/2025 20:02:39,04/28/2025 20:02:40,0,Finished
49672731-78d8-45ea-9a16-113d06d9f5c4,https://bertonline.sharepoint.com/sites/spcna02,04/28/2025 20:02:32,04/28/2025 20:02:32,0,Finished
49672731-78d8-45ea-9a16-113d06d9f5c4,https://bertonline.sharepoint.com/sites/spcna03,04/28/2025 20:02:38,04/28/2025 20:02:38,0,Finished
49672731-78d8-45ea-9a16-113d06d9f5c4,https://bertonline.sharepoint.com/sites/spcnatest01,04/28/2025 20:02:47,04/28/2025 20:02:47,0,Finished
49672731-78d8-45ea-9a16-113d06d9f5c4,https://bertonline.sharepoint.com/sites/spcnatest02,04/28/2025 20:03:32,04/28/2025 20:03:33,0,Finished
49672731-78d8-45ea-9a16-113d06d9f5c4,https://bertonline.sharepoint.com/sites/spsbrussels,04/28/2025 20:03:33,04/28/2025 20:03:34,0,Finished
49672731-78d8-45ea-9a16-113d06d9f5c4,https://bertonline.sharepoint.com/sites/spsbrussels2,04/28/2025 20:03:33,04/28/2025 20:03:33,0,Finished
49672731-78d8-45ea-9a16-113d06d9f5c4,https://bertonline.sharepoint.com/sites/sss01,04/28/2025 20:01:38,04/28/2025 20:01:39,0,Finished
49672731-78d8-45ea-9a16-113d06d9f5c4,https://bertonline.sharepoint.com/sites/sts0,04/28/2025 20:01:35,04/28/2025 20:01:36,0,Finished
49672731-78d8-45ea-9a16-113d06d9f5c4,https://bertonline.sharepoint.com/sites/sts0_1,04/28/2025 20:01:35,04/28/2025 20:01:35,0,Finished
49672731-78d8-45ea-9a16-113d06d9f5c4,https://bertonline.sharepoint.com/sites/sts0site,04/28/2025 20:02:50,04/28/2025 20:02:51,0,Finished
49672731-78d8-45ea-9a16-113d06d9f5c4,https://bertonline.sharepoint.com/sites/sts3demo,04/28/2025 20:02:34,04/28/2025 20:02:35,1,Finished
49672731-78d8-45ea-9a16-113d06d9f5c4,https://bertonline.sharepoint.com/sites/sts3test,04/28/2025 20:02:47,04/28/2025 20:02:47,0,Finished
49672731-78d8-45ea-9a16-113d06d9f5c4,https://bertonline.sharepoint.com/sites/syntexcontentcenter005,04/28/2025 20:01:28,04/28/2025 20:01:29,0,Finished
49672731-78d8-45ea-9a16-113d06d9f5c4,https://bertonline.sharepoint.com/sites/syntexcontentcenter1101,04/28/2025 20:01:28,04/28/2025 20:01:28,0,Finished
49672731-78d8-45ea-9a16-113d06d9f5c4,https://bertonline.sharepoint.com/sites/teamify1,04/28/2025 20:01:39,04/28/2025 20:01:40,0,Finished
49672731-78d8-45ea-9a16-113d06d9f5c4,https://bertonline.sharepoint.com/sites/teamsitedemo,04/28/2025 20:03:33,04/28/2025 20:03:33,0,Finished
49672731-78d8-45ea-9a16-113d06d9f5c4,https://bertonline.sharepoint.com/sites/teamsitemodernizationtemplate,04/28/2025 20:02:34,04/28/2025 20:02:34,0,Finished
49672731-78d8-45ea-9a16-113d06d9f5c4,https://bertonline.sharepoint.com/sites/temp2,04/28/2025 20:02:44,04/28/2025 20:02:45,1,Finished
49672731-78d8-45ea-9a16-113d06d9f5c4,https://bertonline.sharepoint.com/sites/temp3,04/28/2025 20:02:26,04/28/2025 20:02:27,0,Finished
49672731-78d8-45ea-9a16-113d06d9f5c4,https://bertonline.sharepoint.com/sites/templateBDR0,04/28/2025 20:02:53,04/28/2025 20:02:53,0,Finished
49672731-78d8-45ea-9a16-113d06d9f5c4,https://bertonline.sharepoint.com/sites/templateBICENTERSITE0,04/28/2025 20:02:49,04/28/2025 20:02:49,0,Finished
49672731-78d8-45ea-9a16-113d06d9f5c4,https://bertonline.sharepoint.com/sites/templateBLANKINTERNETCONTAINER0,04/28/2025 20:02:22,04/28/2025 20:02:23,0,Finished
49672731-78d8-45ea-9a16-113d06d9f5c4,https://bertonline.sharepoint.com/sites/templateBLOG0,04/28/2025 20:02:39,04/28/2025 20:02:40,0,Finished
49672731-78d8-45ea-9a16-113d06d9f5c4,https://bertonline.sharepoint.com/sites/templateCMSPUBLISHING0,04/28/2025 20:02:43,04/28/2025 20:02:43,0,Finished
49672731-78d8-45ea-9a16-113d06d9f5c4,https://bertonline.sharepoint.com/sites/templateCOMMUNITY0,04/28/2025 20:01:44,04/28/2025 20:01:44,0,Finished
49672731-78d8-45ea-9a16-113d06d9f5c4,https://bertonline.sharepoint.com/sites/templateCOMMUNITYPORTAL0,04/28/2025 20:01:43,04/28/2025 20:01:44,0,Finished
49672731-78d8-45ea-9a16-113d06d9f5c4,https://bertonline.sharepoint.com/sites/templateDEV0,04/28/2025 20:02:23,04/28/2025 20:02:24,0,Finished
49672731-78d8-45ea-9a16-113d06d9f5c4,https://bertonline.sharepoint.com/sites/templateEHS1,04/28/2025 20:01:46,04/28/2025 20:01:47,0,Finished
49672731-78d8-45ea-9a16-113d06d9f5c4,https://bertonline.sharepoint.com/sites/templateENTERWIKI0,04/28/2025 20:01:43,04/28/2025 20:01:44,0,Finished
49672731-78d8-45ea-9a16-113d06d9f5c4,https://bertonline.sharepoint.com/sites/templateGROUP0,04/28/2025 20:02:38,04/28/2025 20:02:39,0,Finished
49672731-78d8-45ea-9a16-113d06d9f5c4,https://bertonline.sharepoint.com/sites/templateOFFILE1,04/28/2025 20:02:36,04/28/2025 20:02:37,0,Finished
49672731-78d8-45ea-9a16-113d06d9f5c4,https://bertonline.sharepoint.com/sites/templatePROJECTSITE0,04/28/2025 20:01:43,04/28/2025 20:01:44,0,Finished
49672731-78d8-45ea-9a16-113d06d9f5c4,https://bertonline.sharepoint.com/sites/templateSITEPAGEPUBLISHING0,04/28/2025 20:03:34,04/28/2025 20:03:34,0,Finished
49672731-78d8-45ea-9a16-113d06d9f5c4,https://bertonline.sharepoint.com/sites/templateSRCHCEN0,04/28/2025 20:02:25,04/28/2025 20:02:26,0,Finished
49672731-78d8-45ea-9a16-113d06d9f5c4,https://bertonline.sharepoint.com/sites/templateSRCHCENTERLITE0,04/28/2025 20:01:43,04/28/2025 20:01:44,0,Finished
49672731-78d8-45ea-9a16-113d06d9f5c4,https://bertonline.sharepoint.com/sites/templateSTS0,04/28/2025 20:03:03,04/28/2025 20:03:26,23,Finished
49672731-78d8-45ea-9a16-113d06d9f5c4,https://bertonline.sharepoint.com/sites/templateSTS3,04/28/2025 20:02:37,04/28/2025 20:02:37,0,Finished
49672731-78d8-45ea-9a16-113d06d9f5c4,https://bertonline.sharepoint.com/sites/templateVISPRUS0,04/28/2025 20:01:43,04/28/2025 20:01:44,0,Finished
49672731-78d8-45ea-9a16-113d06d9f5c4,https://bertonline.sharepoint.com/sites/test,04/28/2025 20:02:37,04/28/2025 20:02:37,0,Finished
49672731-78d8-45ea-9a16-113d06d9f5c4,https://bertonline.sharepoint.com/sites/testdoccenter,04/28/2025 20:02:37,04/28/2025 20:02:37,0,Finished
49672731-78d8-45ea-9a16-113d06d9f5c4,https://bertonline.sharepoint.com/sites/testhub,04/28/2025 20:01:21,04/28/2025 20:01:21,0,Finished
49672731-78d8-45ea-9a16-113d06d9f5c4,https://bertonline.sharepoint.com/sites/testprojectsite,04/28/2025 20:02:33,04/28/2025 20:02:34,0,Finished
49672731-78d8-45ea-9a16-113d06d9f5c4,https://bertonline.sharepoint.com/sites/testpubportal,04/28/2025 20:01:45,04/28/2025 20:01:46,0,Finished
49672731-78d8-45ea-9a16-113d06d9f5c4,https://bertonline.sharepoint.com/sites/timezonetest,04/28/2025 20:01:18,04/28/2025 20:01:18,0,Finished
49672731-78d8-45ea-9a16-113d06d9f5c4,https://bertonline.sharepoint.com/sites/todelete1,04/28/2025 20:01:25,04/28/2025 20:01:26,0,Finished
49672731-78d8-45ea-9a16-113d06d9f5c4,https://bertonline.sharepoint.com/sites/todeletedemo,04/28/2025 20:02:37,04/28/2025 20:02:38,0,Finished
49672731-78d8-45ea-9a16-113d06d9f5c4,https://bertonline.sharepoint.com/sites/uiscannermodernteam,04/28/2025 20:02:32,04/28/2025 20:02:33,0,Finished
49672731-78d8-45ea-9a16-113d06d9f5c4,https://bertonline.sharepoint.com/sites/uiscannerportal,04/28/2025 20:01:45,04/28/2025 20:01:46,0,Finished
49672731-78d8-45ea-9a16-113d06d9f5c4,https://bertonline.sharepoint.com/sites/uiscannerteam,04/28/2025 20:01:46,04/28/2025 20:01:46,0,Finished
49672731-78d8-45ea-9a16-113d06d9f5c4,https://bertonline.sharepoint.com/sites/uiscannerteamwithpublishing,04/28/2025 20:02:43,04/28/2025 20:02:44,0,Finished
49672731-78d8-45ea-9a16-113d06d9f5c4,https://bertonline.sharepoint.com/sites/unallowedaakkoset333,04/28/2025 20:01:38,04/28/2025 20:01:39,0,Finished
49672731-78d8-45ea-9a16-113d06d9f5c4,https://bertonline.sharepoint.com/sites/unallowedaakkoset761,04/28/2025 20:01:39,04/28/2025 20:01:39,0,Finished
49672731-78d8-45ea-9a16-113d06d9f5c4,https://bertonline.sharepoint.com/sites/webhookdemo,04/28/2025 20:03:31,04/28/2025 20:03:32,0,Finished
49672731-78d8-45ea-9a16-113d06d9f5c4,https://bertonlinenam.sharepoint.com/,04/28/2025 20:03:35,04/28/2025 20:03:36,1,Finished
49672731-78d8-45ea-9a16-113d06d9f5c4,https://bertonlinenam.sharepoint.com/search,04/28/2025 20:03:35,04/28/2025 20:03:36,1,Finished
49672731-78d8-45ea-9a16-113d06d9f5c4,https://bertonlinenam.sharepoint.com/sites/appcatalog,04/28/2025 20:03:34,04/28/2025 20:03:36,1,Finished
49672731-78d8-45ea-9a16-113d06d9f5c4,https://bertonlinenam.sharepoint.com/sites/contentTypeHub,04/28/2025 20:03:35,04/28/2025 20:03:36,1,Finished
49672731-78d8-45ea-9a16-113d06d9f5c4,https://bertonlinenam.sharepoint.com/sites/pnpcoresdktestteamsitedf7c7c18ed55459b88a7c078818764b5,04/28/2025 20:03:34,04/28/2025 20:03:36,1,Finished
