ScanId,AppIdentifier,HasExpired,HasTenantScopedPermissions,HasSiteCollectionScopedPermissions,Title,AllowAppOnly,AppId,RedirectUri,AppDomains,ValidUntil,RemediationCode
65c3543c-127b-496e-b2bc-b2ccb5c59e2a,i:0i.t|ms.sp.ext|0389422a-e43b-4977-a617-d8438d9ae3e2@d8623c9e-30c7-473a-83bc-d907df44a26e,True,True,True,PnP Test App,True,0389422a-e43b-4977-a617-d8438d9ae3e2,https://pnpunittester.com/,www.pnpunitester.com,02/26/2017 10:09:28,
65c3543c-127b-496e-b2bc-b2ccb5c59e2a,i:0i.t|ms.sp.ext|03bee4c2-e7b7-4c26-a160-00d495dabada@d8623c9e-30c7-473a-83bc-d907df44a26e,True,False,True,Contoso Cloud Services,True,03bee4c2-e7b7-4c26-a160-00d495dabada,,contoso.set1.bertonline.info,03/24/2015 23:30:37,
65c3543c-127b-496e-b2bc-b2ccb5c59e2a,i:0i.t|ms.sp.ext|04b817b7-11d7-4a56-8208-9cfe8e078511@d8623c9e-30c7-473a-83bc-d907df44a26e,True,False,True,ModifyPages,False,04b817b7-11d7-4a56-8208-9cfe8e078511,,localhost:44325,06/24/2016 07:51:55,
65c3543c-127b-496e-b2bc-b2ccb5c59e2a,i:0i.t|ms.sp.ext|095953c0-359d-43c3-b391-904e8e087929@d8623c9e-30c7-473a-83bc-d907df44a26e,True,False,True,"Office 365 PnP Page Provisioning ",False,095953c0-359d-43c3-b391-904e8e087929,,localhost:44316,01/25/2017 20:23:05,
65c3543c-127b-496e-b2bc-b2ccb5c59e2a,i:0i.t|ms.sp.ext|0a993f48-0081-475b-8da0-b45d70fa9323@d8623c9e-30c7-473a-83bc-d907df44a26e,True,True,True,OneDriveCustomizer,False,0a993f48-0081-475b-8da0-b45d70fa9323,,localhost:44334,12/17/2015 07:33:42,
65c3543c-127b-496e-b2bc-b2ccb5c59e2a,i:0i.t|ms.sp.ext|0c45c5d7-62dc-4341-ae23-25056d995422@d8623c9e-30c7-473a-83bc-d907df44a26e,True,False,True,CustomActionTester,False,0c45c5d7-62dc-4341-ae23-25056d995422,,localhost:44354,12/19/2015 08:38:43,
65c3543c-127b-496e-b2bc-b2ccb5c59e2a,i:0i.t|ms.sp.ext|0ca3c3ff-29fc-4dc5-8421-7644212b89d5@d8623c9e-30c7-473a-83bc-d907df44a26e,True,False,True,JavaScriptInjection,False,0ca3c3ff-29fc-4dc5-8421-7644212b89d5,,localhost:44327,12/02/2015 09:59:59,
65c3543c-127b-496e-b2bc-b2ccb5c59e2a,i:0i.t|ms.sp.ext|109f75dc-ea5c-4bc0-be50-7c61c35dbea3@d8623c9e-30c7-473a-83bc-d907df44a26e,True,False,True,SharePoint.WebHooks.MVC,False,109f75dc-ea5c-4bc0-be50-7c61c35dbea3,,localhost:44311,05/23/2017 07:02:37,
65c3543c-127b-496e-b2bc-b2ccb5c59e2a,i:0i.t|ms.sp.ext|16f8c33c-3abe-4af5-9791-c4a13e6a6549@d8623c9e-30c7-473a-83bc-d907df44a26e,True,False,True,Core.FileUpload,False,16f8c33c-3abe-4af5-9791-c4a13e6a6549,,localhost:44345,02/24/2016 18:30:24,
65c3543c-127b-496e-b2bc-b2ccb5c59e2a,i:0i.t|ms.sp.ext|1875a471-c185-4052-8421-6f1ee4d8bbe7@d8623c9e-30c7-473a-83bc-d907df44a26e,True,False,True,Core.GroupManagement,False,1875a471-c185-4052-8421-6f1ee4d8bbe7,,localhost:44331,12/19/2015 07:43:23,
65c3543c-127b-496e-b2bc-b2ccb5c59e2a,i:0i.t|ms.sp.ext|18efa6c7-caa4-4a42-aa76-bba0cc39702f@d8623c9e-30c7-473a-83bc-d907df44a26e,True,True,True,Core.AppScriptPart,False,18efa6c7-caa4-4a42-aa76-bba0cc39702f,,localhost:44361,05/26/2016 19:31:19,
65c3543c-127b-496e-b2bc-b2ccb5c59e2a,i:0i.t|ms.sp.ext|1eec3b70-74f6-4d46-991a-175af9ef0311@d8623c9e-30c7-473a-83bc-d907df44a26e,False,False,True,Web scoped app,False,1eec3b70-74f6-4d46-991a-175af9ef0311,https://www.pnptenant.com/default.aspx,www.pnptenant.com,09/07/2024 12:31:18,
65c3543c-127b-496e-b2bc-b2ccb5c59e2a,i:0i.t|ms.sp.ext|21d7134c-81ab-42d8-8776-1323fc605aeb@d8623c9e-30c7-473a-83bc-d907df44a26e,True,False,True,TenantPermissions,False,21d7134c-81ab-42d8-8776-1323fc605aeb,,localhost:44353,08/23/2017 16:22:28,
65c3543c-127b-496e-b2bc-b2ccb5c59e2a,i:0i.t|ms.sp.ext|21e9e4cb-7469-4a88-8900-216a9c702d19@d8623c9e-30c7-473a-83bc-d907df44a26e,True,False,True,Contoso.EventReceivers,False,21e9e4cb-7469-4a88-8900-216a9c702d19,,"localhost:44375,bjansen.servicebus.windows.net",06/09/2016 07:43:20,
65c3543c-127b-496e-b2bc-b2ccb5c59e2a,i:0i.t|ms.sp.ext|22b14b39-efbe-4f6f-8f1b-2ef4df950b83@d8623c9e-30c7-473a-83bc-d907df44a26e,False,True,True,Test1,False,22b14b39-efbe-4f6f-8f1b-2ef4df950b83,https://www.test1.com/default.aspx,www.test1.com,09/26/2023 07:20:19,
65c3543c-127b-496e-b2bc-b2ccb5c59e2a,i:0i.t|ms.sp.ext|23cf991f-03dd-4bdf-9d91-1b251d74ef2d@d8623c9e-30c7-473a-83bc-d907df44a26e,True,False,True,Contoso Cloud Services,False,23cf991f-03dd-4bdf-9d91-1b251d74ef2d,,contoso.set1.bertonline.info,11/21/2014 07:36:01,
65c3543c-127b-496e-b2bc-b2ccb5c59e2a,i:0i.t|ms.sp.ext|24dfb743-e4ca-4a5c-921f-36696ce1c99f@d8623c9e-30c7-473a-83bc-d907df44a26e,True,True,False,app-only test,True,24dfb743-e4ca-4a5c-921f-36696ce1c99f,https://www.a.be/default.aspx,www.a.be,04/28/2017 06:50:46,
65c3543c-127b-496e-b2bc-b2ccb5c59e2a,i:0i.t|ms.sp.ext|255ed02e-c3b4-4584-8160-4e6e2c21e45c@d8623c9e-30c7-473a-83bc-d907df44a26e,True,False,True,HostWebEvents,False,255ed02e-c3b4-4584-8160-4e6e2c21e45c,,"localhost:44340,bjansen.servicebus.windows.net",05/02/2015 15:32:06,
65c3543c-127b-496e-b2bc-b2ccb5c59e2a,i:0i.t|ms.sp.ext|275e6faa-6fe6-4a79-b92a-c6e29563a2f0@d8623c9e-30c7-473a-83bc-d907df44a26e,True,True,True,Employee Registration,False,275e6faa-6fe6-4a79-b92a-c6e29563a2f0,,localhost:44316,09/09/2016 11:19:54,
65c3543c-127b-496e-b2bc-b2ccb5c59e2a,i:0i.t|ms.sp.ext|28f1b616-bd4e-4201-a38c-4beaeeede5f3@d8623c9e-30c7-473a-83bc-d907df44a26e,True,False,True,Provisioning.Hybrid.Simple,True,28f1b616-bd4e-4201-a38c-4beaeeede5f3,https://bjansenprovisioninghybrid.azurewebsites.net/,bjansenprovisioninghybrid.azurewebsites.net,03/16/2016 09:28:47,
65c3543c-127b-496e-b2bc-b2ccb5c59e2a,i:0i.t|ms.sp.ext|2aa430bf-5b03-4ed2-82b9-c59381ea5b58@d8623c9e-30c7-473a-83bc-d907df44a26e,True,True,True,Employee Registration,False,2aa430bf-5b03-4ed2-82b9-c59381ea5b58,,localhost:44316,09/09/2016 09:58:09,
65c3543c-127b-496e-b2bc-b2ccb5c59e2a,i:0i.t|ms.sp.ext|3348de66-2c06-4f06-b459-56ab3bb70269@d8623c9e-30c7-473a-83bc-d907df44a26e,True,False,True,PPRemediation,True,3348de66-2c06-4f06-b459-56ab3bb70269,https://teams.poc.com/sites/RasheedSiteCollection/Pages/ppr.aspx,www.teams.poc.com,02/28/2017 06:26:00,
65c3543c-127b-496e-b2bc-b2ccb5c59e2a,i:0i.t|ms.sp.ext|3916089a-1988-4650-881c-8e73cc0be40f@d8623c9e-30c7-473a-83bc-d907df44a26e,True,False,True,Workflow.CallCustomService,False,3916089a-1988-4650-881c-8e73cc0be40f,,localhost:44308,10/03/2015 18:18:08,
65c3543c-127b-496e-b2bc-b2ccb5c59e2a,i:0i.t|ms.sp.ext|39d0889c-882b-4193-b1be-81dec4530ff7@d8623c9e-30c7-473a-83bc-d907df44a26e,True,False,True,Core.ConnectedAppParts,False,39d0889c-882b-4193-b1be-81dec4530ff7,,localhost:44350,02/16/2016 18:57:03,
65c3543c-127b-496e-b2bc-b2ccb5c59e2a,i:0i.t|ms.sp.ext|3c8e1aae-db50-4434-af44-7ed9c47be49b@d8623c9e-30c7-473a-83bc-d907df44a26e,True,False,True,Add Ribbon Commands,False,3c8e1aae-db50-4434-af44-7ed9c47be49b,,localhost:44335,10/14/2015 16:58:17,
65c3543c-127b-496e-b2bc-b2ccb5c59e2a,i:0i.t|ms.sp.ext|3e4986ad-7ba3-4716-874a-38b78d59125a@d8623c9e-30c7-473a-83bc-d907df44a26e,True,True,False,SB scanner,True,3e4986ad-7ba3-4716-874a-38b78d59125a,https://www.sbscanner.com/default.aspx,www.sbscanner.com,08/22/2017 13:31:13,
65c3543c-127b-496e-b2bc-b2ccb5c59e2a,i:0i.t|ms.sp.ext|3f523da8-1ef6-4367-9c77-3f63a4e4b18e@d8623c9e-30c7-473a-83bc-d907df44a26e,True,True,True,Provisioning.CreateSite,True,3f523da8-1ef6-4367-9c77-3f63a4e4b18e,,localhost:44352,02/25/2016 18:40:54,
65c3543c-127b-496e-b2bc-b2ccb5c59e2a,i:0i.t|ms.sp.ext|3fdcb26f-db61-4a3b-a63b-fc55f8c2f64d@d8623c9e-30c7-473a-83bc-d907df44a26e,True,True,False,SandBoxTool,True,3fdcb26f-db61-4a3b-a63b-fc55f8c2f64d,https://www.localhost.com/,www.localhost.com,08/19/2017 10:20:16,
65c3543c-127b-496e-b2bc-b2ccb5c59e2a,i:0i.t|ms.sp.ext|4139abc0-3a9b-4f4f-b7bb-26c9f5779295@d8623c9e-30c7-473a-83bc-d907df44a26e,True,True,True,SiteCollectionCreation,True,4139abc0-3a9b-4f4f-b7bb-26c9f5779295,,localhost:44338,05/13/2015 04:43:32,
65c3543c-127b-496e-b2bc-b2ccb5c59e2a,i:0i.t|ms.sp.ext|45739c9a-c172-4eb3-9b9b-4446b637e663@d8623c9e-30c7-473a-83bc-d907df44a26e,True,False,True,SharePointApp1,False,45739c9a-c172-4eb3-9b9b-4446b637e663,,localhost:44300,01/25/2017 20:45:24,
65c3543c-127b-496e-b2bc-b2ccb5c59e2a,i:0i.t|ms.sp.ext|4612f831-f65d-49a1-a781-2cbc73cc77bf@d8623c9e-30c7-473a-83bc-d907df44a26e,True,False,True,test,True,4612f831-f65d-49a1-a781-2cbc73cc77bf,https://www.test.com/,www.test.com,10/27/2017 07:52:49,
65c3543c-127b-496e-b2bc-b2ccb5c59e2a,i:0i.t|ms.sp.ext|48717084-a59c-4306-9dc4-3f618dbecdf9@d8623c9e-30c7-473a-83bc-d907df44a26e,True,False,True,“Napa” Office 365 Development Tools,False,48717084-a59c-4306-9dc4-3f618dbecdf9,https://www.napacloudapp.com/Home/Receive,www.napacloudapp.com,01/01/0001 00:00:00,
65c3543c-127b-496e-b2bc-b2ccb5c59e2a,i:0i.t|ms.sp.ext|48c081b4-4f83-406e-9150-da703ff8b09e@d8623c9e-30c7-473a-83bc-d907df44a26e,True,False,True,Core.InformationManagement,False,48c081b4-4f83-406e-9150-da703ff8b09e,,localhost:44324,05/06/2015 11:53:51,
65c3543c-127b-496e-b2bc-b2ccb5c59e2a,i:0i.t|ms.sp.ext|49c98265-8726-4dbd-ab13-0982d0791326@d8623c9e-30c7-473a-83bc-d907df44a26e,False,True,False,Tenant scxoped app,True,49c98265-8726-4dbd-ab13-0982d0791326,https://www.pnptenant.com/default.aspx,www.pnptenant.com,03/15/2024 08:34:07,
65c3543c-127b-496e-b2bc-b2ccb5c59e2a,i:0i.t|ms.sp.ext|4c7d3906-924f-4aad-a390-b777be40bc1a@d8623c9e-30c7-473a-83bc-d907df44a26e,True,False,True,PermissionRemovalTest,False,4c7d3906-924f-4aad-a390-b777be40bc1a,,localhost:44300,10/30/2016 14:07:26,
65c3543c-127b-496e-b2bc-b2ccb5c59e2a,i:0i.t|ms.sp.ext|4f9bcd2a-074e-452d-93f0-cd2b5423cab0@d8623c9e-30c7-473a-83bc-d907df44a26e,True,True,True,Contoso TaxonomyPicker sample,False,4f9bcd2a-074e-452d-93f0-cd2b5423cab0,,localhost:44322,11/03/2016 11:41:33,
65c3543c-127b-496e-b2bc-b2ccb5c59e2a,i:0i.t|ms.sp.ext|52252c66-ac0a-492e-9ab8-a3dc281ae9ff@d8623c9e-30c7-473a-83bc-d907df44a26e,True,False,True,SharePoint Provisioning,True,52252c66-ac0a-492e-9ab8-a3dc281ae9ff,https://prov.set1.bertonline.info/pages/default.aspx,prov.set1.bertonline.info,02/24/2015 12:14:25,
65c3543c-127b-496e-b2bc-b2ccb5c59e2a,i:0i.t|ms.sp.ext|565dbd46-7d75-45c1-a188-ad9a1bcb3d3f@d8623c9e-30c7-473a-83bc-d907df44a26e,True,False,True,clrdemothelastone,False,565dbd46-7d75-45c1-a188-ad9a1bcb3d3f,,localhost:44300,01/27/2017 22:52:16,
65c3543c-127b-496e-b2bc-b2ccb5c59e2a,i:0i.t|ms.sp.ext|5750e2b7-abb3-4863-b09f-3e63debe4195@d8623c9e-30c7-473a-83bc-d907df44a26e,True,False,True,Contoso reference provisioning solution,True,5750e2b7-abb3-4863-b09f-3e63debe4195,,127.0.0.1,03/02/2015 18:39:39,
65c3543c-127b-496e-b2bc-b2ccb5c59e2a,i:0i.t|ms.sp.ext|5a92ec79-f455-44f3-a49c-5ac199f474c4@d8623c9e-30c7-473a-83bc-d907df44a26e,True,False,True,Contoso PeoplePicker demo,False,5a92ec79-f455-44f3-a49c-5ac199f474c4,,localhost:44306,08/24/2017 11:55:44,
65c3543c-127b-496e-b2bc-b2ccb5c59e2a,i:0i.t|ms.sp.ext|5cf14724-ca05-4e63-9c29-8044b847a3c7@d8623c9e-30c7-473a-83bc-d907df44a26e,False,True,True,PnP Test,True,5cf14724-ca05-4e63-9c29-8044b847a3c7,https://www.pnp.com/default.aspx,www.pnp.com,09/07/2026 12:05:22,
65c3543c-127b-496e-b2bc-b2ccb5c59e2a,i:0i.t|ms.sp.ext|5e3249a2-4402-485b-839f-9c528dc96d62@d8623c9e-30c7-473a-83bc-d907df44a26e,True,False,True,Contoso.SubSiteTemplates,False,5e3249a2-4402-485b-839f-9c528dc96d62,,localhost:44310,12/12/2014 17:01:40,
65c3543c-127b-496e-b2bc-b2ccb5c59e2a,i:0i.t|ms.sp.ext|5fea2cc0-5f4c-4323-9e9c-008a4b4701d0@d8623c9e-30c7-473a-83bc-d907df44a26e,True,False,True,Contoso.Azure.CloudServices.Web,False,5fea2cc0-5f4c-4323-9e9c-008a4b4701d0,,127.0.0.1,11/13/2014 20:13:59,
65c3543c-127b-496e-b2bc-b2ccb5c59e2a,i:0i.t|ms.sp.ext|646246d5-e0cd-4ab6-9fe6-fbea499d217f@d8623c9e-30c7-473a-83bc-d907df44a26e,True,True,True,Core.ContentTypesAndFields,False,646246d5-e0cd-4ab6-9fe6-fbea499d217f,,localhost:44346,11/10/2015 11:33:35,
65c3543c-127b-496e-b2bc-b2ccb5c59e2a,i:0i.t|ms.sp.ext|650beee3-92cb-4698-98cd-0ed4e69334b9@d8623c9e-30c7-473a-83bc-d907df44a26e,True,True,False,pnptest,True,650beee3-92cb-4698-98cd-0ed4e69334b9,https://www.pnptest.com/,www.pnptest.com,03/06/2018 12:06:50,
65c3543c-127b-496e-b2bc-b2ccb5c59e2a,i:0i.t|ms.sp.ext|659e52c2-4a95-44c4-8bae-2d6b59aaf31a@d8623c9e-30c7-473a-83bc-d907df44a26e,True,False,True,ECM.RecordsManagement,False,659e52c2-4a95-44c4-8bae-2d6b59aaf31a,,localhost:44343,11/21/2015 17:03:25,
65c3543c-127b-496e-b2bc-b2ccb5c59e2a,i:0i.t|ms.sp.ext|67277a01-0e0f-4a1a-b5aa-fbb6c31cd9f0@d8623c9e-30c7-473a-83bc-d907df44a26e,True,True,True,ECM.AutoTagging,True,67277a01-0e0f-4a1a-b5aa-fbb6c31cd9f0,,"localhost:44316,bjansen.servicebus.windows.net",06/16/2016 15:35:51,
65c3543c-127b-496e-b2bc-b2ccb5c59e2a,i:0i.t|ms.sp.ext|6897ec7e-016d-4126-a52a-2aab03069004@d8623c9e-30c7-473a-83bc-d907df44a26e,True,False,True,Core.Settings.LocaleAndLanguage,False,6897ec7e-016d-4126-a52a-2aab03069004,,localhost:44396,05/07/2016 06:43:10,
65c3543c-127b-496e-b2bc-b2ccb5c59e2a,i:0i.t|ms.sp.ext|689996b9-02e2-4bcb-9a2f-ce00cdbf50ff@d8623c9e-30c7-473a-83bc-d907df44a26e,True,False,True,WFTest,True,689996b9-02e2-4bcb-9a2f-ce00cdbf50ff,,localhost:44351,11/04/2015 21:04:00,
65c3543c-127b-496e-b2bc-b2ccb5c59e2a,i:0i.t|ms.sp.ext|695fd6ca-3447-4572-8ae5-4168c0dcbc7b@d8623c9e-30c7-473a-83bc-d907df44a26e,True,False,True,SharePointProxyForSpaApps,False,695fd6ca-3447-4572-8ae5-4168c0dcbc7b,,localhost:44325,08/06/2015 18:40:26,
65c3543c-127b-496e-b2bc-b2ccb5c59e2a,i:0i.t|ms.sp.ext|6a5b1615-997a-4089-a784-dc2945ec7cc1@d8623c9e-30c7-473a-83bc-d907df44a26e,True,True,True,Core.AppScriptPart,False,6a5b1615-997a-4089-a784-dc2945ec7cc1,,localhost:44361,11/24/2016 14:48:40,
65c3543c-127b-496e-b2bc-b2ccb5c59e2a,i:0i.t|ms.sp.ext|6bcb062f-428c-42f9-b989-ed96874e8b1f@d8623c9e-30c7-473a-83bc-d907df44a26e,True,False,True,Core.OfficeWebWidgets,False,6bcb062f-428c-42f9-b989-ed96874e8b1f,,localhost:44328,07/28/2015 22:36:44,
65c3543c-127b-496e-b2bc-b2ccb5c59e2a,i:0i.t|ms.sp.ext|6c1c2ba1-41d0-4567-a94c-22ea9a6c9c21@d8623c9e-30c7-473a-83bc-d907df44a26e,True,False,True,SharePointApp1,False,6c1c2ba1-41d0-4567-a94c-22ea9a6c9c21,,localhost:44300,09/16/2016 21:40:17,
65c3543c-127b-496e-b2bc-b2ccb5c59e2a,i:0i.t|ms.sp.ext|6f0d1813-8530-41b8-80aa-b33c2427fe55@d8623c9e-30c7-473a-83bc-d907df44a26e,True,False,True,Contoso.Provision.CustomCSS,False,6f0d1813-8530-41b8-80aa-b33c2427fe55,,localhost:44313,08/09/2015 09:35:24,
65c3543c-127b-496e-b2bc-b2ccb5c59e2a,i:0i.t|ms.sp.ext|6f902436-d17e-43c0-bd3e-17f26171050f@d8623c9e-30c7-473a-83bc-d907df44a26e,True,True,False,PnP Test,True,6f902436-d17e-43c0-bd3e-17f26171050f,https://www.pnp.com/default.aspx,www.pnp.com,12/06/2020 17:21:50,
65c3543c-127b-496e-b2bc-b2ccb5c59e2a,i:0i.t|ms.sp.ext|71baeabb-97fc-4378-b94a-54d6626870ae@d8623c9e-30c7-473a-83bc-d907df44a26e,True,True,True,Employee Registration,False,71baeabb-97fc-4378-b94a-54d6626870ae,,localhost:44316,09/29/2016 07:23:25,
65c3543c-127b-496e-b2bc-b2ccb5c59e2a,i:0i.t|ms.sp.ext|73d49b7f-c0a4-4891-b2bb-65f7f7142c79@d8623c9e-30c7-473a-83bc-d907df44a26e,True,False,True,formso365.nintex.com,True,73d49b7f-c0a4-4891-b2bb-65f7f7142c79,https://formso365.nintex.com/SPRedirect.aspx,formso365.nintex.com,01/01/0001 00:00:00,
65c3543c-127b-496e-b2bc-b2ccb5c59e2a,i:0i.t|ms.sp.ext|7931e8b4-e270-40b8-b5e5-e19543f1e514@d8623c9e-30c7-473a-83bc-d907df44a26e,True,True,False,PnP test,True,7931e8b4-e270-40b8-b5e5-e19543f1e514,https://www.pnp.com/,www.pnp.com,01/05/2017 19:40:12,
65c3543c-127b-496e-b2bc-b2ccb5c59e2a,i:0i.t|ms.sp.ext|79b45222-5673-497f-b05c-7b439a8d20f0@d8623c9e-30c7-473a-83bc-d907df44a26e,True,True,True,Search.PersonalizedResults,False,79b45222-5673-497f-b05c-7b439a8d20f0,,localhost:44336,12/17/2015 17:31:44,
65c3543c-127b-496e-b2bc-b2ccb5c59e2a,i:0i.t|ms.sp.ext|806f7098-8394-4ebf-8d0d-d09e387fa275@d8623c9e-30c7-473a-83bc-d907df44a26e,True,False,True,Provisioning.Hybrid.Simple,True,806f7098-8394-4ebf-8d0d-d09e387fa275,https://bjansenprovisioninghybrid.azurewebsites.net/,bjansenprovisioninghybrid.azurewebsites.net,03/16/2016 16:23:41,
65c3543c-127b-496e-b2bc-b2ccb5c59e2a,i:0i.t|ms.sp.ext|8105a3c7-c5e2-4325-b8c4-1aa7992f7f35@d8623c9e-30c7-473a-83bc-d907df44a26e,True,False,True,Contoso.EventReceivers,False,8105a3c7-c5e2-4325-b8c4-1aa7992f7f35,,"localhost:44375,bjansen.servicebus.windows.net",05/02/2015 13:12:06,
65c3543c-127b-496e-b2bc-b2ccb5c59e2a,i:0i.t|ms.sp.ext|89dd427e-a2fb-4dce-a706-e433399de4b1@d8623c9e-30c7-473a-83bc-d907df44a26e,True,False,True,WFTest2,True,89dd427e-a2fb-4dce-a706-e433399de4b1,,"localhost:44353,bjansen.servicebus.windows.net",11/03/2015 16:48:22,
65c3543c-127b-496e-b2bc-b2ccb5c59e2a,i:0i.t|ms.sp.ext|8e11f92d-11a8-4417-8c89-818565285420@d8623c9e-30c7-473a-83bc-d907df44a26e,True,False,True,ProvHostedAddIn,False,8e11f92d-11a8-4417-8c89-818565285420,,localhost:44363,09/03/2020 17:44:38,
65c3543c-127b-496e-b2bc-b2ccb5c59e2a,i:0i.t|ms.sp.ext|8eecdf6c-03f6-4ac7-a3d8-1dac4e576b6a@d8623c9e-30c7-473a-83bc-d907df44a26e,True,False,True,Core.SimpleTimerJob,True,8eecdf6c-03f6-4ac7-a3d8-1dac4e576b6a,,localhost:44348,06/09/2016 07:18:46,
65c3543c-127b-496e-b2bc-b2ccb5c59e2a,i:0i.t|ms.sp.ext|927b05c2-d29b-4686-b8e2-4919906a704b@d8623c9e-30c7-473a-83bc-d907df44a26e,True,False,True,"Office 365 PnP Page Provisioning ",False,927b05c2-d29b-4686-b8e2-4919906a704b,,localhost:44316,06/08/2016 08:11:32,
65c3543c-127b-496e-b2bc-b2ccb5c59e2a,i:0i.t|ms.sp.ext|95632641-9424-4739-9771-97fdc5fb0f52@d8623c9e-30c7-473a-83bc-d907df44a26e,True,True,False,PnP Test,True,95632641-9424-4739-9771-97fdc5fb0f52,https://www.pnp.com/default.aspx,www.pnp.com,12/11/2018 09:59:57,
65c3543c-127b-496e-b2bc-b2ccb5c59e2a,i:0i.t|ms.sp.ext|993656b0-bccb-4a5d-89e5-7270d9a7381f@d8623c9e-30c7-473a-83bc-d907df44a26e,True,False,True,SharePointApp3,False,993656b0-bccb-4a5d-89e5-7270d9a7381f,,localhost:44344,09/17/2015 22:11:55,
65c3543c-127b-496e-b2bc-b2ccb5c59e2a,i:0i.t|ms.sp.ext|9afc20f1-7cf4-4b93-afb0-72f0994f3ed0@d8623c9e-30c7-473a-83bc-d907df44a26e,True,False,True,Core.DocumentPicker,False,9afc20f1-7cf4-4b93-afb0-72f0994f3ed0,,localhost:44309,11/07/2015 07:58:03,
65c3543c-127b-496e-b2bc-b2ccb5c59e2a,i:0i.t|ms.sp.ext|9b4ae665-a238-4330-9f44-2a83c359459d@d8623c9e-30c7-473a-83bc-d907df44a26e,True,True,True,Core.AppScriptPart,False,9b4ae665-a238-4330-9f44-2a83c359459d,,localhost:44361,01/25/2017 20:29:27,
65c3543c-127b-496e-b2bc-b2ccb5c59e2a,i:0i.t|ms.sp.ext|9bec5acd-169e-4e86-9753-0078f4217e4b@d8623c9e-30c7-473a-83bc-d907df44a26e,True,False,True,Contoso.Azure.CloudServices.Provisioning.Web,True,9bec5acd-169e-4e86-9753-0078f4217e4b,,127.0.0.1,01/28/2015 23:21:14,
65c3543c-127b-496e-b2bc-b2ccb5c59e2a,i:0i.t|ms.sp.ext|9f88386f-a9b0-47ba-b59d-dd9902239c4e@d8623c9e-30c7-473a-83bc-d907df44a26e,True,False,True,Branding.ClientSideRendering,False,9f88386f-a9b0-47ba-b59d-dd9902239c4e,,localhost:44303,10/04/2015 16:40:53,
65c3543c-127b-496e-b2bc-b2ccb5c59e2a,i:0i.t|ms.sp.ext|a0013a01-d99c-4826-b066-6da225d0526d@d8623c9e-30c7-473a-83bc-d907df44a26e,True,True,True,UserProfile.Manipulation.CSOM,False,a0013a01-d99c-4826-b066-6da225d0526d,,localhost:44380,01/24/2016 23:47:35,
65c3543c-127b-496e-b2bc-b2ccb5c59e2a,i:0i.t|ms.sp.ext|a0566e4e-ef70-4cf5-add4-27e4f1e983e8@d8623c9e-30c7-473a-83bc-d907df44a26e,True,True,True,BusinessApps.ChatRoom,False,a0566e4e-ef70-4cf5-add4-27e4f1e983e8,,localhost:44314,04/24/2016 14:18:22,
65c3543c-127b-496e-b2bc-b2ccb5c59e2a,i:0i.t|ms.sp.ext|a46366ac-9e08-4f7a-9959-201c8685695d@d8623c9e-30c7-473a-83bc-d907df44a26e,True,True,True,Provisioning.PublishingFeatures,False,a46366ac-9e08-4f7a-9959-201c8685695d,,localhost:44365,03/01/2016 10:41:35,
65c3543c-127b-496e-b2bc-b2ccb5c59e2a,i:0i.t|ms.sp.ext|a49c11d2-96e2-46a9-888e-88a8146419fc@d8623c9e-30c7-473a-83bc-d907df44a26e,True,False,True,spapi,False,a49c11d2-96e2-46a9-888e-88a8146419fc,,localhost:44319,10/11/2015 18:21:22,
65c3543c-127b-496e-b2bc-b2ccb5c59e2a,i:0i.t|ms.sp.ext|a4cdf20c-3385-4664-8302-5eab57ee6f14@d8623c9e-30c7-473a-83bc-d907df44a26e,True,True,True,Azure Admin via OAuth,True,a4cdf20c-3385-4664-8302-5eab57ee6f14,,AzureAdminViaOauth,02/22/2016 09:25:10,
65c3543c-127b-496e-b2bc-b2ccb5c59e2a,i:0i.t|ms.sp.ext|a6fdef05-ff36-4b45-870b-dfede84e2e26@d8623c9e-30c7-473a-83bc-d907df44a26e,True,True,False,PnP Test,True,a6fdef05-ff36-4b45-870b-dfede84e2e26,https://www.pnp.com/default.aspx,www.pnp.com,12/07/2019 14:37:58,
65c3543c-127b-496e-b2bc-b2ccb5c59e2a,i:0i.t|ms.sp.ext|a95865e2-4782-4bb0-b81f-1354f610864b@d8623c9e-30c7-473a-83bc-d907df44a26e,True,False,True,WebRole1,False,a95865e2-4782-4bb0-b81f-1354f610864b,,127.0.0.1,01/28/2015 22:49:52,
65c3543c-127b-496e-b2bc-b2ccb5c59e2a,i:0i.t|ms.sp.ext|aad424af-f77f-4851-8cf1-7f26b15b1a86@d8623c9e-30c7-473a-83bc-d907df44a26e,True,False,True,Core.Dialog,False,aad424af-f77f-4851-8cf1-7f26b15b1a86,,localhost:44326,09/11/2015 21:51:58,
65c3543c-127b-496e-b2bc-b2ccb5c59e2a,i:0i.t|ms.sp.ext|b051e06b-76d8-4144-9c54-763d881e2f84@d8623c9e-30c7-473a-83bc-d907df44a26e,True,False,True,Secondary Navigation,False,b051e06b-76d8-4144-9c54-763d881e2f84,,localhost:44310,01/27/2016 22:35:57,
65c3543c-127b-496e-b2bc-b2ccb5c59e2a,i:0i.t|ms.sp.ext|b140dd81-83f0-4335-a360-51524b987c40@d8623c9e-30c7-473a-83bc-d907df44a26e,True,True,False,SB scanner,True,b140dd81-83f0-4335-a360-51524b987c40,https://www.sbscanner.com/default.aspx,www.sbscanner.com,08/22/2017 12:31:40,
65c3543c-127b-496e-b2bc-b2ccb5c59e2a,i:0i.t|ms.sp.ext|ba979e74-6135-4b7e-8072-9fd5cf95cfa8@d8623c9e-30c7-473a-83bc-d907df44a26e,True,False,True,Contoso JavaScript customization app,True,ba979e74-6135-4b7e-8072-9fd5cf95cfa8,,localhost:44303,06/16/2016 15:16:02,
65c3543c-127b-496e-b2bc-b2ccb5c59e2a,i:0i.t|ms.sp.ext|bac75fc4-23d9-4eb0-a7fc-1bbfe78c32a1@d8623c9e-30c7-473a-83bc-d907df44a26e,True,True,True,SharePointApp1,False,bac75fc4-23d9-4eb0-a7fc-1bbfe78c32a1,,localhost:44355,01/09/2016 17:25:16,
65c3543c-127b-496e-b2bc-b2ccb5c59e2a,i:0i.t|ms.sp.ext|bca458b5-6ebd-4b79-bbb7-9c36002d6ab6@d8623c9e-30c7-473a-83bc-d907df44a26e,True,False,True,WebRole1,False,bca458b5-6ebd-4b79-bbb7-9c36002d6ab6,,127.0.0.1,01/29/2015 14:37:07,
65c3543c-127b-496e-b2bc-b2ccb5c59e2a,i:0i.t|ms.sp.ext|bda36a3c-a988-46ec-9404-8554420f0814@d8623c9e-30c7-473a-83bc-d907df44a26e,True,False,True,BulkEdit Add-In,True,bda36a3c-a988-46ec-9404-8554420f0814,,localhost:44300,12/05/2016 14:30:01,
65c3543c-127b-496e-b2bc-b2ccb5c59e2a,i:0i.t|ms.sp.ext|bece581b-0357-40a1-ab8c-8b49c4f69cc0@d8623c9e-30c7-473a-83bc-d907df44a26e,True,True,True,OneDriveCustomizer,False,bece581b-0357-40a1-ab8c-8b49c4f69cc0,,bjansen-onedrivecustomizer.azurewebsites.net,05/13/2015 05:37:54,
65c3543c-127b-496e-b2bc-b2ccb5c59e2a,i:0i.t|ms.sp.ext|befe52a9-8b32-4a29-82cf-b910e6011424@d8623c9e-30c7-473a-83bc-d907df44a26e,True,False,True,DynamicPermissions,False,befe52a9-8b32-4a29-82cf-b910e6011424,https://localhost:44363/home/callback,Localhost,04/26/2015 16:32:26,
65c3543c-127b-496e-b2bc-b2ccb5c59e2a,i:0i.t|ms.sp.ext|bf9d54ac-522f-4ef7-a815-ebe03cafaa71@d8623c9e-30c7-473a-83bc-d907df44a26e,True,False,True,Contoso.EventReceivers,False,bf9d54ac-522f-4ef7-a815-ebe03cafaa71,,"localhost:44375,bjansen.servicebus.windows.net",01/27/2017 16:07:56,
65c3543c-127b-496e-b2bc-b2ccb5c59e2a,i:0i.t|ms.sp.ext|c1c38adf-4f28-4c3e-ba99-2a319d3828b5@d8623c9e-30c7-473a-83bc-d907df44a26e,True,False,True,Branding.ClientSideRendering,False,c1c38adf-4f28-4c3e-ba99-2a319d3828b5,,localhost:44303,06/16/2016 18:43:50,
65c3543c-127b-496e-b2bc-b2ccb5c59e2a,i:0i.t|ms.sp.ext|c3205c8a-fd62-4c5c-86ad-b9e65e1d2b7e@d8623c9e-30c7-473a-83bc-d907df44a26e,False,False,True,Web scoped app,True,c3205c8a-fd62-4c5c-86ad-b9e65e1d2b7e,https://www.pnpweb.com/default.aspx,www.pnpweb.com,03/15/2024 08:36:47,
65c3543c-127b-496e-b2bc-b2ccb5c59e2a,i:0i.t|ms.sp.ext|c6e0ffdc-a59f-4478-b5b5-fe262000b482@d8623c9e-30c7-473a-83bc-d907df44a26e,True,False,True,providerhostedapp1,False,c6e0ffdc-a59f-4478-b5b5-fe262000b482,,localhost:44300,09/20/2016 20:37:37,
65c3543c-127b-496e-b2bc-b2ccb5c59e2a,i:0i.t|ms.sp.ext|c824c777-c730-4feb-832a-56116f70eb21@d8623c9e-30c7-473a-83bc-d907df44a26e,True,False,True,Core.Services.Authenticate.SharePoint,False,c824c777-c730-4feb-832a-56116f70eb21,,localhost:44349,10/27/2015 12:39:24,
65c3543c-127b-496e-b2bc-b2ccb5c59e2a,i:0i.t|ms.sp.ext|c8c467d5-83d8-4538-8c23-3b8ff7ac701d@d8623c9e-30c7-473a-83bc-d907df44a26e,True,True,False,MyApp,True,c8c467d5-83d8-4538-8c23-3b8ff7ac701d,,MyApp,06/19/2014 20:00:49,
65c3543c-127b-496e-b2bc-b2ccb5c59e2a,i:0i.t|ms.sp.ext|cc41d4f8-b28f-4df4-b47c-0a1c802e50f9@d8623c9e-30c7-473a-83bc-d907df44a26e,True,False,True,Core.DisplayCalendarEvents,False,cc41d4f8-b28f-4df4-b47c-0a1c802e50f9,,localhost:44353,12/09/2015 07:59:10,
65c3543c-127b-496e-b2bc-b2ccb5c59e2a,i:0i.t|ms.sp.ext|ccfc844d-996a-473e-bb21-4354f4dbf193@d8623c9e-30c7-473a-83bc-d907df44a26e,True,False,True,Core.CrossDomainLib,False,ccfc844d-996a-473e-bb21-4354f4dbf193,,localhost:44300,07/29/2016 12:39:53,
65c3543c-127b-496e-b2bc-b2ccb5c59e2a,i:0i.t|ms.sp.ext|cf4ca5a3-8bd6-4294-8eaf-fc96f3d8aecf@d8623c9e-30c7-473a-83bc-d907df44a26e,True,True,True,Provisioning.Yammer,False,cf4ca5a3-8bd6-4294-8eaf-fc96f3d8aecf,,localhost:44359,03/01/2016 11:31:28,
65c3543c-127b-496e-b2bc-b2ccb5c59e2a,i:0i.t|ms.sp.ext|cf7be0b7-51a9-4b89-b43d-7f77f957a5d7@d8623c9e-30c7-473a-83bc-d907df44a26e,True,False,True,SubSiteCreationApp,False,cf7be0b7-51a9-4b89-b43d-7f77f957a5d7,,localhost:44339,05/09/2015 20:18:54,
65c3543c-127b-496e-b2bc-b2ccb5c59e2a,i:0i.t|ms.sp.ext|d1958933-3e72-4e41-9574-dc3d2a29915b@d8623c9e-30c7-473a-83bc-d907df44a26e,True,False,True,Corporate Events App,False,d1958933-3e72-4e41-9574-dc3d2a29915b,,localhost:44320,03/01/2016 12:41:48,
65c3543c-127b-496e-b2bc-b2ccb5c59e2a,i:0i.t|ms.sp.ext|d643a56c-5319-48a8-a97f-d7c8b905dac5@d8623c9e-30c7-473a-83bc-d907df44a26e,True,False,True,Automation Test,False,d643a56c-5319-48a8-a97f-d7c8b905dac5,https://bjansen-automation1.azurewebsites.net/default.aspx,bjansen-automation1.azurewebsites.net,09/20/2016 20:30:32,
65c3543c-127b-496e-b2bc-b2ccb5c59e2a,i:0i.t|ms.sp.ext|d6abb3b0-0ca8-4e09-a2b0-90c6785f1b12@d8623c9e-30c7-473a-83bc-d907df44a26e,True,False,True,Contoso JavaScript customization app,True,d6abb3b0-0ca8-4e09-a2b0-90c6785f1b12,,localhost:44303,01/08/2016 13:20:41,
65c3543c-127b-496e-b2bc-b2ccb5c59e2a,i:0i.t|ms.sp.ext|d82de9ae-0d0b-40b8-b87a-69f9d7cf4375@d8623c9e-30c7-473a-83bc-d907df44a26e,True,False,True,WebRole1,False,d82de9ae-0d0b-40b8-b87a-69f9d7cf4375,,127.0.0.1,01/29/2015 23:14:34,
65c3543c-127b-496e-b2bc-b2ccb5c59e2a,i:0i.t|ms.sp.ext|db3c9c00-922f-4b34-a8f3-4e552e235fcc@d8623c9e-30c7-473a-83bc-d907df44a26e,True,False,True,Contoso Cloud Services demo,False,db3c9c00-922f-4b34-a8f3-4e552e235fcc,,127.0.0.1,03/24/2015 22:49:37,
65c3543c-127b-496e-b2bc-b2ccb5c59e2a,i:0i.t|ms.sp.ext|dc4cd1fb-382c-46af-9c42-6684ac7667ee@d8623c9e-30c7-473a-83bc-d907df44a26e,True,False,True,SP Provisioning,True,dc4cd1fb-382c-46af-9c42-6684ac7667ee,,spprov.set1.bertonline.info,12/13/2014 19:54:30,
65c3543c-127b-496e-b2bc-b2ccb5c59e2a,i:0i.t|ms.sp.ext|e0591093-8f1b-4515-9415-8ef20276a899@d8623c9e-30c7-473a-83bc-d907df44a26e,True,False,True,Core.JQuery,False,e0591093-8f1b-4515-9415-8ef20276a899,,localhost:44320,11/24/2016 13:52:30,
65c3543c-127b-496e-b2bc-b2ccb5c59e2a,i:0i.t|ms.sp.ext|e7b51e50-713f-4499-8057-01c9c939140d@d8623c9e-30c7-473a-83bc-d907df44a26e,True,False,True,Branding.Themes,False,e7b51e50-713f-4499-8057-01c9c939140d,,localhost:44319,07/04/2015 09:14:22,
65c3543c-127b-496e-b2bc-b2ccb5c59e2a,i:0i.t|ms.sp.ext|ea5b52de-15c7-47b4-b488-94cce053ea4b@d8623c9e-30c7-473a-83bc-d907df44a26e,True,True,True,CloudBusinessTasks,True,ea5b52de-15c7-47b4-b488-94cce053ea4b,,localhost:44306,10/06/2015 08:33:00,
65c3543c-127b-496e-b2bc-b2ccb5c59e2a,i:0i.t|ms.sp.ext|eef9b4e9-b62e-4085-9564-0c3a3fc2c113@d8623c9e-30c7-473a-83bc-d907df44a26e,True,True,True,Provisioning.Cloud.Sync,True,eef9b4e9-b62e-4085-9564-0c3a3fc2c113,,localhost:44323,03/01/2016 13:20:58,
65c3543c-127b-496e-b2bc-b2ccb5c59e2a,i:0i.t|ms.sp.ext|ef745f21-2bd9-41d9-baf7-75b70691b47a@d8623c9e-30c7-473a-83bc-d907df44a26e,True,True,True,OneDriveCustomizer,True,ef745f21-2bd9-41d9-baf7-75b70691b47a,https://bjansen-onedrivecustomizer.azurewebsites.net/pages/default.aspx,bjansen-onedrivecustomizer.azurewebsites.net,06/16/2016 14:24:39,
65c3543c-127b-496e-b2bc-b2ccb5c59e2a,i:0i.t|ms.sp.ext|effd3e6b-22bd-46a6-8d7a-8d23c93e9832@d8623c9e-30c7-473a-83bc-d907df44a26e,True,True,True,Vcc.SharePoint.Sites.Provisioning,True,effd3e6b-22bd-46a6-8d7a-8d23c93e9832,,"localhost:44310,bjansen.servicebus.windows.net",10/23/2015 18:30:35,
65c3543c-127b-496e-b2bc-b2ccb5c59e2a,i:0i.t|ms.sp.ext|f0520164-a618-458e-a7b1-49a9fdbff42e@d8623c9e-30c7-473a-83bc-d907df44a26e,True,True,True,Employee Registration,False,f0520164-a618-458e-a7b1-49a9fdbff42e,,localhost:44306,10/02/2016 21:35:26,
65c3543c-127b-496e-b2bc-b2ccb5c59e2a,i:0i.t|ms.sp.ext|f5579fc7-7c22-4b48-9560-9324a7670374@d8623c9e-30c7-473a-83bc-d907df44a26e,True,True,False,test,True,f5579fc7-7c22-4b48-9560-9324a7670374,https://localhost:44303/,localhost:44303,08/30/2017 15:05:59,
65c3543c-127b-496e-b2bc-b2ccb5c59e2a,i:0i.t|ms.sp.ext|f6a21b70-adfe-4db4-ad0f-58a89bdbf3fb@d8623c9e-30c7-473a-83bc-d907df44a26e,True,False,True,Contoso.Services.SharePoint.App,False,f6a21b70-adfe-4db4-ad0f-58a89bdbf3fb,,localhost:44312,12/29/2014 19:53:54,
65c3543c-127b-496e-b2bc-b2ccb5c59e2a,i:0i.t|ms.sp.ext|f6c05e29-dc6e-433d-a4f5-58ecf425629b@d8623c9e-30c7-473a-83bc-d907df44a26e,True,False,True,Debug.Tracing,False,f6c05e29-dc6e-433d-a4f5-58ecf425629b,,localhost:44313,01/13/2016 15:59:06,
65c3543c-127b-496e-b2bc-b2ccb5c59e2a,i:0i.t|ms.sp.ext|f727176a-64c9-4697-a713-0b75343503f9@d8623c9e-30c7-473a-83bc-d907df44a26e,True,True,False,UIExperienceScanner,True,f727176a-64c9-4697-a713-0b75343503f9,https://www.localhost.com/,www.localhost.com,03/21/2018 10:44:12,
65c3543c-127b-496e-b2bc-b2ccb5c59e2a,i:0i.t|ms.sp.ext|f7cc5ee8-8da2-42bf-89fe-120d97ea0c4b@d8623c9e-30c7-473a-83bc-d907df44a26e,True,False,True,SampleApp,False,f7cc5ee8-8da2-42bf-89fe-120d97ea0c4b,,localhost:44301,01/01/0001 00:00:00,
65c3543c-127b-496e-b2bc-b2ccb5c59e2a,i:0i.t|ms.sp.ext|f825f9e2-2d4a-4ccf-b076-c73ae4888665@d8623c9e-30c7-473a-83bc-d907df44a26e,True,True,True,Contoso.TaxonomyMenu,False,f825f9e2-2d4a-4ccf-b076-c73ae4888665,,localhost:44304,03/26/2015 17:28:30,
65c3543c-127b-496e-b2bc-b2ccb5c59e2a,i:0i.t|ms.sp.ext|f88e0b7e-8427-4344-bd08-7999449a06cb@d8623c9e-30c7-473a-83bc-d907df44a26e,True,False,True,ProviderHosted2013,False,f88e0b7e-8427-4344-bd08-7999449a06cb,,localhost:44300,04/14/2017 08:16:57,
65c3543c-127b-496e-b2bc-b2ccb5c59e2a,i:0i.t|ms.sp.ext|fa0d35b6-79c3-4801-8d74-639593896095@d8623c9e-30c7-473a-83bc-d907df44a26e,True,False,True,Contoso.EventReceivers,False,fa0d35b6-79c3-4801-8d74-639593896095,,"localhost:44375,bjansen.servicebus.windows.net",01/27/2017 23:30:03,
65c3543c-127b-496e-b2bc-b2ccb5c59e2a,i:0i.t|ms.sp.ext|fc5dd3e4-a080-42a7-8fbd-153245a95ae3@d8623c9e-30c7-473a-83bc-d907df44a26e,True,True,True,Provisioning.OneDrive,False,fc5dd3e4-a080-42a7-8fbd-153245a95ae3,,localhost:44318,05/13/2015 05:24:17,
